asset_id,date,t_index,state_value,degradation_rate,HSI,HDR,recovery_margin,observability_score,intervention_flag_core9,stabilized
1503960366,2016-04-12,0,-0.0028021405794481,,-0.0028021405794481,,,1.0,0,False
1503960366,2016-04-13,1,0.4527900163137072,,0.4527900163137072,,,1.0,0,False
1503960366,2016-04-14,2,,,,,,0.8666666666666667,0,False
1503960366,2016-04-15,3,,,,,,0.8,0,False
1503960366,2016-04-16,4,,,,,,0.76,0,False
1503960366,2016-04-17,5,,,,,,0.7333333333333334,0,False
1503960366,2016-04-18,6,,,,,,0.7142857142857142,0,False
1503960366,2016-04-19,7,,,,,,0.7,0,False
1503960366,2016-04-20,8,,,,,,0.6888888888888889,0,False
1503960366,2016-04-21,9,,,,,,0.6799999999999999,0,False
1503960366,2016-04-22,10,,,,,,0.6727272727272726,0,False
1503960366,2016-04-23,11,,,,,,0.6666666666666666,0,False
1503960366,2016-04-24,12,,,,,,0.6615384615384615,0,False
1503960366,2016-04-25,13,,,,,,0.6571428571428571,0,False
1503960366,2016-04-26,14,,,,,,0.6285714285714286,0,False
1503960366,2016-04-27,15,,,,,,0.6,0,False
1503960366,2016-04-28,16,,,,,,0.6,0,False
1503960366,2016-04-29,17,,,,,,0.6,0,False
1503960366,2016-04-30,18,,,,,,0.6,0,False
1503960366,2016-05-01,19,,,,,,0.6,0,False
1503960366,2016-05-02,20,,,,,,0.6,0,False
1503960366,2016-05-03,21,,,,,,0.6,0,False
1503960366,2016-05-04,22,,,,,,0.6,0,False
1503960366,2016-05-05,23,,,,,,0.6,0,False
1503960366,2016-05-06,24,,,,,,0.6,0,False
1503960366,2016-05-07,25,,,,,,0.6,0,False
1503960366,2016-05-08,26,,,,,,0.6,0,False
1503960366,2016-05-09,27,,,,,,0.6,0,False
1503960366,2016-05-10,28,,,,,,0.6,0,False
1503960366,2016-05-11,29,0.0748523054993308,,0.0748523054993308,,,0.6285714285714286,0,False
1503960366,2016-05-12,30,,,,,,0.6285714285714286,0,False
1624580081,2016-04-12,0,-0.0979066592349346,,-0.0979066592349346,,,1.0,0,True
1624580081,2016-04-13,1,0.2763821225383872,,0.2763821225383872,,,1.0,0,False
1624580081,2016-04-14,2,-0.2698334266411923,,-0.2698334266411923,,,1.0,0,True
1624580081,2016-04-15,3,0.6773138871232769,0.2584068487860705,0.6773138871232769,0.2584068487860705,0.3303590238844477,1.0,0,False
1624580081,2016-04-16,4,0.3291217107227315,0.1067570924894165,0.3291217107227315,0.1067570924894165,0.2642872191075582,1.0,0,False
1624580081,2016-04-17,5,0.1642573776178843,0.0524328073705637,0.1642573776178843,0.0524328073705637,0.2202393492562985,1.0,0,False
1624580081,2016-04-18,6,-0.2113305682876741,-0.0189039848421232,-0.2113305682876741,-0.0189039848421232,0.1887765850768273,1.0,0,True
1624580081,2016-04-19,7,0.1625130170540402,0.0372028108984249,0.1625130170540402,0.0372028108984249,0.2119099601099381,1.0,0,False
1624580081,2016-04-20,8,0.0758919568042183,-0.0286414522477384,0.0758919568042183,-0.0286414522477384,0.1883644089866117,1.0,0,False
1624580081,2016-04-21,9,-0.1303857625408484,0.0199210948714776,-0.1303857625408484,0.0199210948714776,0.1695279680879505,1.0,0,True
1624580081,2016-04-22,10,0.163079630694268,-0.0734620366327155,0.163079630694268,-0.0734620366327155,0.1807950067376929,1.0,1,True
1624580081,2016-04-23,11,-0.0878087947180182,-0.0595615007772499,-0.0878087947180182,-0.0595615007772499,0.1657287561762184,1.0,1,True
1624580081,2016-04-24,12,0.0177634681772791,-0.0209277013486578,0.0177634681772791,-0.0209277013486578,0.1611013336161476,1.0,0,False
1624580081,2016-04-25,13,-0.183627208520823,0.0039576228238358,-0.183627208520823,0.0039576228238358,0.1495940955007084,1.0,0,False
1624580081,2016-04-26,14,0.159558531644281,-0.0004220693442513,0.159558531644281,-0.0004220693442513,0.1741073626553587,1.0,0,False
1624580081,2016-04-27,15,-0.1224835258798146,-0.0283393546691475,-0.1224835258798146,-0.0283393546691475,0.1473724496715501,1.0,0,True
1624580081,2016-04-28,16,0.1956093245037735,0.0465707267206602,0.1956093245037735,0.0465707267206602,0.1700933675560921,1.0,0,True
1624580081,2016-04-29,17,0.3705614040248189,0.0296402533329358,0.3705614040248189,0.0296402533329358,0.1149365651101332,1.0,0,True
1624580081,2016-04-30,18,0.0421582090092287,0.0185667148181781,0.0421582090092287,0.0185667148181781,0.1149365651101332,1.0,0,True
1624580081,2016-05-01,19,-2.1347713967459008,-0.3075049807033114,-2.1347713967459008,-0.3075049807033114,0.1149365651101332,0.9785714285714284,1,True
1624580081,2016-05-02,20,-0.7856744374642757,-0.0860067469919218,-0.7856744374642757,-0.0860067469919218,0.2113006336302493,0.9785714285714284,1,True
1624580081,2016-05-03,21,-0.0915120195809354,-0.0358672216036023,-0.0915120195809354,-0.0358672216036023,0.2341805502403655,0.9785714285714284,0,True
1624580081,2016-05-04,22,0.1598721927665499,0.0403365312351949,0.1598721927665499,0.0403365312351949,0.2521365654080429,0.9785714285714284,0,False
1624580081,2016-05-05,23,0.5599014227673624,0.0520417283233698,0.5599014227673624,0.0520417283233698,0.2807100818366725,0.9785714285714284,0,False
1624580081,2016-05-06,24,1.0357759357529508,0.0950306473897331,1.0357759357529508,0.0950306473897331,0.2937393046759919,0.9785714285714284,0,False
1624580081,2016-05-07,25,1.2828801914965726,0.177245997498192,1.2828801914965726,0.177245997498192,0.3113896086576792,0.9785714285714284,0,False
1624580081,2016-05-08,26,0.2115655693366165,0.3351909951546453,0.2115655693366165,0.3351909951546453,0.3038487327365866,0.9785714285714284,0,False
1624580081,2016-05-09,27,0.1522734991270667,0.1339925623701918,0.1522734991270667,0.1339925623701918,0.3038487327365866,0.9785714285714284,0,False
1624580081,2016-05-10,28,0.0864856082563341,0.0254282325481813,0.0864856082563341,0.0254282325481813,0.2793354655819362,0.9785714285714284,0,False
1624580081,2016-05-11,29,0.0641043694673368,-0.0136811176141732,0.0641043694673368,-0.0136811176141732,0.2793354655819362,0.9785714285714284,0,False
1624580081,2016-05-12,30,0.0582561072521287,-0.0716636165021762,0.0582561072521287,-0.0716636165021762,0.2566145476973941,0.9785714285714284,1,False
1644430081,2016-04-12,0,,,,,,1.0,0,False
1644430081,2016-04-13,1,,,,,,1.0,0,False
1644430081,2016-04-14,2,,,,,,0.6,0,False
1644430081,2016-04-15,3,,,,,,0.6,0,False
1644430081,2016-04-16,4,,,,,,0.6,0,False
1644430081,2016-04-17,5,,,,,,0.6,0,False
1644430081,2016-04-18,6,,,,,,0.6,0,False
1644430081,2016-04-19,7,,,,,,0.6,0,False
1644430081,2016-04-20,8,,,,,,0.6,0,False
1644430081,2016-04-21,9,,,,,,0.6,0,False
1644430081,2016-04-22,10,,,,,,0.6,0,False
1644430081,2016-04-23,11,,,,,,0.6,0,False
1644430081,2016-04-24,12,,,,,,0.6,0,False
1644430081,2016-04-25,13,,,,,,0.6,0,False
1644430081,2016-04-26,14,,,,,,0.6,0,False
1644430081,2016-04-27,15,,,,,,0.6,0,False
1644430081,2016-04-28,16,,,,,,0.6,0,False
1644430081,2016-04-29,17,,,,,,0.6,0,False
1644430081,2016-04-30,18,,,,,,0.6,0,False
1644430081,2016-05-01,19,,,,,,0.6,0,False
1644430081,2016-05-02,20,,,,,,0.6,0,False
1644430081,2016-05-03,21,,,,,,0.6,0,False
1644430081,2016-05-04,22,,,,,,0.6,0,False
1644430081,2016-05-05,23,,,,,,0.6,0,False
1644430081,2016-05-06,24,,,,,,0.6,0,False
1644430081,2016-05-07,25,,,,,,0.6,0,False
1644430081,2016-05-08,26,,,,,,0.6,0,False
1644430081,2016-05-09,27,,,,,,0.6,0,False
1644430081,2016-05-10,28,,,,,,0.6,0,False
1644430081,2016-05-11,29,,,,,,0.6,0,False
1844505072,2016-04-12,0,,,,,,1.0,0,False
1844505072,2016-04-13,1,,,,,,1.0,0,False
1844505072,2016-04-14,2,,,,,,0.6,0,False
1844505072,2016-04-15,3,,,,,,0.6,0,False
1844505072,2016-04-16,4,,,,,,0.6,0,False
1844505072,2016-04-17,5,,,,,,0.6,0,False
1844505072,2016-04-18,6,,,,,,0.6,0,False
1844505072,2016-04-19,7,,,,,,0.6,0,False
1844505072,2016-04-20,8,,,,,,0.6,0,False
1844505072,2016-04-21,9,,,,,,0.6,0,False
1844505072,2016-04-22,10,,,,,,0.6,0,False
1844505072,2016-04-23,11,,,,,,0.6,0,False
1844505072,2016-04-24,12,,,,,,0.6,0,False
1844505072,2016-04-25,13,,,,,,0.6,0,False
1844505072,2016-04-26,14,,,,,,0.6,0,False
1844505072,2016-04-27,15,,,,,,0.6,0,False
1844505072,2016-04-28,16,,,,,,0.6,0,False
1844505072,2016-04-29,17,,,,,,0.6,0,False
1844505072,2016-04-30,18,,,,,,0.6,0,False
1844505072,2016-05-01,19,,,,,,0.6,0,False
1844505072,2016-05-02,20,,,,,,0.6,0,False
1844505072,2016-05-03,21,,,,,,0.6,0,False
1844505072,2016-05-04,22,,,,,,0.6,0,False
1844505072,2016-05-05,23,,,,,,0.6,0,False
1844505072,2016-05-06,24,,,,,,0.6,0,False
1844505072,2016-05-07,25,,,,,,0.6,0,False
1844505072,2016-05-08,26,,,,,,0.6,0,False
1844505072,2016-05-09,27,,,,,,0.6,0,False
1844505072,2016-05-10,28,,,,,,0.6,0,False
1844505072,2016-05-11,29,,,,,,0.6,0,False
1844505072,2016-05-12,30,,,,,,0.6,0,False
1927972279,2016-04-12,0,-0.3303361210984976,,-0.3303361210984976,,,1.0,0,False
1927972279,2016-04-13,1,3.415150011531703,,3.415150011531703,,,1.0,0,False
1927972279,2016-04-14,2,,,,,,0.8666666666666667,0,False
1927972279,2016-04-15,3,,,,,,0.8,0,False
1927972279,2016-04-16,4,,,,,,0.76,0,False
1927972279,2016-04-17,5,,,,,,0.7333333333333334,0,False
1927972279,2016-04-18,6,,,,,,0.7142857142857142,0,False
1927972279,2016-04-19,7,,,,,,0.7,0,False
1927972279,2016-04-20,8,,,,,,0.6888888888888889,0,False
1927972279,2016-04-21,9,,,,,,0.6799999999999999,0,False
1927972279,2016-04-22,10,,,,,,0.6727272727272726,0,False
1927972279,2016-04-23,11,,,,,,0.6666666666666666,0,False
1927972279,2016-04-24,12,,,,,,0.6615384615384615,0,False
1927972279,2016-04-25,13,,,,,,0.6571428571428571,0,False
1927972279,2016-04-26,14,,,,,,0.6285714285714286,0,False
1927972279,2016-04-27,15,,,,,,0.6,0,False
1927972279,2016-04-28,16,,,,,,0.6,0,False
1927972279,2016-04-29,17,,,,,,0.6,0,False
1927972279,2016-04-30,18,,,,,,0.6,0,False
1927972279,2016-05-01,19,,,,,,0.6,0,False
1927972279,2016-05-02,20,,,,,,0.6,0,False
1927972279,2016-05-03,21,,,,,,0.6,0,False
1927972279,2016-05-04,22,,,,,,0.6,0,False
1927972279,2016-05-05,23,,,,,,0.6,0,False
1927972279,2016-05-06,24,,,,,,0.6,0,False
1927972279,2016-05-07,25,,,,,,0.6,0,False
1927972279,2016-05-08,26,,,,,,0.6,0,False
1927972279,2016-05-09,27,,,,,,0.6,0,False
1927972279,2016-05-10,28,,,,,,0.6,0,False
1927972279,2016-05-11,29,,,,,,0.6,0,False
1927972279,2016-05-12,30,,,,,,0.6,0,False
2022484408,2016-04-12,0,-0.044919468219217,,-0.044919468219217,,,1.0,0,False
2022484408,2016-04-13,1,-0.1510828318032595,,-0.1510828318032595,,,1.0,0,False
2022484408,2016-04-14,2,0.4300101763377517,,0.4300101763377517,,,1.0,0,False
2022484408,2016-04-15,3,0.2704445033535482,0.1051213238575883,0.2704445033535482,0.1051213238575883,0.1452732520352528,1.0,0,False
2022484408,2016-04-16,4,0.3962106826463556,0.1102825377163931,0.3962106826463556,0.1102825377163931,0.1413718374867637,1.0,0,True
2022484408,2016-04-17,5,-0.5248277470247997,-0.0959816557611165,-0.5248277470247997,-0.0959816557611165,0.1178098645723031,1.0,1,True
2022484408,2016-04-18,6,-0.5209178714699848,-0.0793330672084613,-0.5209178714699848,-0.0793330672084613,0.1015384375698047,1.0,1,True
2022484408,2016-04-19,7,-0.2280334577567936,-0.0261591413625109,-0.2280334577567936,-0.0261591413625109,0.125456684587728,1.0,0,True
2022484408,2016-04-20,8,-0.7412380230354421,-0.0843078844617403,-0.7412380230354421,-0.0843078844617403,0.1115170529668694,1.0,1,True
2022484408,2016-04-21,9,-0.3350206561673063,-0.109290118929294,-0.3350206561673063,-0.109290118929294,0.140987084356996,1.0,1,True
2022484408,2016-04-22,10,-0.2350917182970917,-0.0722194602358057,-0.2350917182970917,-0.0722194602358057,0.1372545255854704,1.0,1,True
2022484408,2016-04-23,11,1.119092344164712,0.1032688087883366,1.119092344164712,0.1032688087883366,0.2386653203251649,0.975,0,False
2022484408,2016-04-24,12,0.1505297779092908,0.0964796464191557,0.1505297779092908,0.0964796464191557,0.2203064495309214,0.9769230769230768,0,False
2022484408,2016-04-25,13,0.2283933019137784,0.1070444533405376,0.2283933019137784,0.1070444533405376,0.2101319548504618,0.9785714285714284,0,False
2022484408,2016-04-26,14,0.4815332517013159,0.1013666727797299,0.4815332517013159,0.1013666727797299,0.228213379835286,0.9785714285714284,0,False
2022484408,2016-04-27,15,0.2678705761659821,0.1441583713144892,0.2678705761659821,0.1441583713144892,0.228213379835286,0.9785714285714284,0,False
2022484408,2016-04-28,16,0.1872683580086343,0.0746127163108486,0.1872683580086343,0.0746127163108486,0.1867067363966423,0.9785714285714284,0,False
2022484408,2016-04-29,17,-0.0075129139362489,0.0325112577658346,-0.0075129139362489,0.0325112577658346,0.1867067363966423,0.9785714285714284,0,True
2022484408,2016-04-30,18,-0.9030213703092788,-0.2888733877819986,-0.9030213703092788,-0.2888733877819986,0.1777234378757275,0.9785714285714284,1,True
2022484408,2016-05-01,19,-0.2404355117660872,-0.0558521842393397,-0.2404355117660872,-0.0558521842393397,0.2250509992002412,0.9785714285714284,1,True
2022484408,2016-05-02,20,-0.1295517972844321,-0.0511350141711729,-0.1295517972844321,-0.0511350141711729,0.2326919876950154,0.9785714285714284,1,True
2022484408,2016-05-03,21,-0.2247158526447924,-0.1008927291923011,-0.2247158526447924,-0.1008927291923011,0.2117716724297875,0.9785714285714284,1,True
2022484408,2016-05-04,22,-0.0521335894023608,-0.0457148807954775,-0.0521335894023608,-0.0457148807954775,0.2240989769471041,0.9785714285714284,0,False
2022484408,2016-05-05,23,0.1012110173516871,-0.0122939058081353,0.1012110173516871,-0.0122939058081353,0.2060366369389549,0.9785714285714284,0,False
2022484408,2016-05-06,24,0.5555670570530234,0.0804399958556103,0.5555670570530234,0.0804399958556103,0.2313528584983208,0.9785714285714284,0,False
2022484408,2016-05-07,25,0.6842856822374508,0.2267581503638185,0.6842856822374508,0.2267581503638185,0.1438196129785082,1.0,0,False
2022484408,2016-05-08,26,1.4710256757103028,0.24449445535377,1.4710256757103028,0.24449445535377,0.2000153267979976,1.0,0,False
2022484408,2016-05-09,27,0.23418241150519,0.0519620298270889,0.23418241150519,0.0519620298270889,0.1944536465119627,0.9785714285714284,0,False
2022484408,2016-05-10,28,-0.1075977124493091,0.016731162885069,-0.1075977124493091,0.016731162885069,0.1763722215271387,0.9785714285714284,0,False
2022484408,2016-05-11,29,-0.5243468056125902,-0.0674590308871755,-0.5243468056125902,-0.0674590308871755,0.1763722215271387,0.9785714285714284,1,False
2022484408,2016-05-12,30,-0.2291022164505927,-0.047187604828897,-0.2291022164505927,-0.047187604828897,0.1974611207529956,0.9785714285714284,0,False
2026352035,2016-04-12,0,0.1155888940640709,,0.1155888940640709,,,1.0,0,False
2026352035,2016-04-13,1,-1.598241276770433,,-1.598241276770433,,,1.0,0,False
2026352035,2016-04-14,2,-0.5947068119257519,,-0.5947068119257519,,,1.0,0,False
2026352035,2016-04-15,3,-0.0573386530074291,-0.0576425156904999,-0.0573386530074291,-0.0576425156904999,0.385225655940751,1.0,1,False
2026352035,2016-04-16,4,0.295652397784386,0.0450158759300788,0.295652397784386,0.0450158759300788,0.3787787349109637,1.0,0,False
2026352035,2016-04-17,5,1.6627223205312092,0.3094266852934277,1.6627223205312092,0.3094266852934277,0.543493932883607,1.0,0,False
2026352035,2016-04-18,6,,0.3094266852934277,,0.3094266852934277,0.4658519424716631,0.9428571428571428,0,False
2026352035,2016-04-19,7,,0.3094266852934277,,0.3094266852934277,0.4076204496627053,0.9,0,False
2026352035,2016-04-20,8,,0.8152408993254106,,0.8152408993254106,0.3623292885890713,0.8666666666666667,0,False
2026352035,2016-04-21,9,,0.7524763774856537,,0.7524763774856537,0.3260963597301642,0.84,0,False
2026352035,2016-04-22,10,,,,,0.2964512361183311,0.8181818181818181,0,False
2026352035,2016-04-23,11,,,,,0.2717469664418035,0.8,0,False
2026352035,2016-04-24,12,,,,,0.2508433536385879,0.7846153846153846,0,False
2026352035,2016-04-25,13,-0.6939234823671053,,-0.6939234823671053,,0.2329259712358315,0.8,0,False
2026352035,2016-04-26,14,,,,,0.2329259712358315,0.7714285714285715,0,False
2026352035,2016-04-27,15,,,,,0.2329259712358315,0.7428571428571429,0,False
2026352035,2016-04-28,16,,,,,0.16124493803264,0.7142857142857142,0,False
2026352035,2016-04-29,17,,,,,,0.6857142857142857,0,False
2026352035,2016-04-30,18,,,,,,0.6571428571428571,0,False
2026352035,2016-05-01,19,,,,,,0.6285714285714286,0,False
2026352035,2016-05-02,20,,,,,,0.6285714285714286,0,False
2026352035,2016-05-03,21,,,,,,0.6285714285714286,0,False
2026352035,2016-05-04,22,,,,,,0.6285714285714286,0,False
2026352035,2016-05-05,23,,,,,,0.6285714285714286,0,False
2026352035,2016-05-06,24,,,,,,0.6285714285714286,0,False
2026352035,2016-05-07,25,,,,,,0.6285714285714286,0,False
2026352035,2016-05-08,26,,,,,,0.6285714285714286,0,False
2026352035,2016-05-09,27,,,,,,0.6,0,False
2026352035,2016-05-10,28,2.435481820540515,,2.435481820540515,,,0.6285714285714286,0,False
2026352035,2016-05-11,29,0.2909349097742782,,0.2909349097742782,,,0.6571428571428571,0,False
2026352035,2016-05-12,30,0.4389024159225312,,0.4389024159225312,,,0.6857142857142857,0,False
2320127002,2016-04-12,0,-0.6662035410620469,,-0.6662035410620469,,,1.0,0,True
2320127002,2016-04-13,1,2.3941864130468344,,2.3941864130468344,,,1.0,0,False
2320127002,2016-04-14,2,2.7028866171134687,,2.7028866171134687,,,1.0,0,False
2320127002,2016-04-15,3,1.4875348007726792,0.7179127806115755,1.4875348007726792,0.7179127806115755,0.8422725395438789,1.0,0,False
2320127002,2016-04-16,4,1.002839997605986,0.4172608846670083,1.002839997605986,0.4172608846670083,0.6738180316351032,1.0,0,False
2320127002,2016-04-17,5,0.4579797020806155,0.2248366486285325,0.4579797020806155,0.2248366486285325,0.5615150263625859,1.0,0,False
2320127002,2016-04-18,6,0.171855418110233,0.13967649319538,0.171855418110233,0.13967649319538,0.4812985940250736,1.0,0,True
2320127002,2016-04-19,7,-0.2065629085522701,0.0656629475013967,-0.2065629085522701,0.0656629475013967,0.4211362697719394,1.0,0,True
2320127002,2016-04-20,8,-0.6276991783242096,-0.4316979416244348,-0.6276991783242096,-0.4316979416244348,0.3743433509083906,1.0,1,True
2320127002,2016-04-21,9,0.1825556945802151,-0.3600472746476076,0.1825556945802151,-0.3600472746476076,0.417934503107994,1.0,1,True
2320127002,2016-04-22,10,-0.0024260279176885,-0.2128515469557667,-0.0024260279176885,-0.2128515469557667,0.3799404573709036,1.0,1,True
2320127002,2016-04-23,11,0.1788965326785632,-0.117706209275346,0.1788965326785632,-0.117706209275346,0.3633889659730159,1.0,1,True
2320127002,2016-04-24,12,0.3557837455152368,-0.0145994223664826,0.3557837455152368,-0.0145994223664826,0.3490426772702204,1.0,0,True
2320127002,2016-04-25,13,0.4469024210510691,0.039292428991548,0.4469024210510691,0.039292428991548,0.3306195342891926,1.0,0,False
2320127002,2016-04-26,14,0.48873329460859,0.09932802902298,0.48873329460859,0.09932802902298,0.3336074538290156,1.0,0,False
2320127002,2016-04-27,15,0.6351829334451591,0.180411730252767,0.6351829334451591,0.180411730252767,0.1254688598809933,1.0,0,False
2320127002,2016-04-28,16,0.8975060325007057,0.1021357625600701,0.8975060325007057,0.1021357625600701,0.1221562095230585,1.0,0,False
2320127002,2016-04-29,17,0.9640085279708795,0.1380620794126526,0.9640085279708795,0.1380620794126526,0.126906387770928,1.0,0,False
2320127002,2016-04-30,18,0.1821398807277547,0.0004633354355988,0.1821398807277547,0.0004633354355988,0.126906387770928,1.0,0,False
2320127002,2016-05-01,19,0.6291120511992366,0.039046900812,0.6291120511992366,0.039046900812,0.1588329713760339,1.0,0,False
2320127002,2016-05-02,20,0.0693988848639791,-0.0539290765981556,0.0693988848639791,-0.0539290765981556,0.1588329713760339,1.0,1,True
2320127002,2016-05-03,21,-0.8909647887786665,-0.1970997261981794,-0.8909647887786665,-0.1970997261981794,0.1588329713760339,1.0,1,True
2320127002,2016-05-04,22,0.0819287422847871,-0.0790363130229102,0.0819287422847871,-0.0790363130229102,0.2283253664519949,1.0,1,False
2320127002,2016-05-05,23,-0.4076504876021417,-0.1864509314432638,-0.4076504876021417,-0.1864509314432638,0.1704500183873931,1.0,1,True
2320127002,2016-05-06,24,-0.2215599281643435,-0.1693669223050318,-0.2215599281643435,-0.1693669223050318,0.1837422012043787,1.0,1,False
2320127002,2016-05-07,25,-0.8514901937184216,-0.1476614392065965,-0.8514901937184216,-0.1476614392065965,0.1707905897332178,1.0,1,False
2320127002,2016-05-08,26,-0.2746177757382964,-0.1291042609910761,-0.2746177757382964,-0.1291042609910761,0.1993609615291786,1.0,1,False
2320127002,2016-05-09,27,0.2625028379466101,0.0275862790118044,0.2625028379466101,0.0275862790118044,0.2312182428255411,1.0,0,False
2320127002,2016-05-10,28,-0.4761766104876231,0.0592554540415776,-0.4761766104876231,0.0592554540415776,0.2282303232857181,1.0,0,False
2320127002,2016-05-11,29,-0.2468136894704412,-0.0469632045364611,-0.2468136894704412,-0.0469632045364611,0.2341527005843334,1.0,0,False
2320127002,2016-05-12,30,0.4357308888816319,0.1204830537833962,0.4357308888816319,0.1204830537833962,0.2641685205340853,1.0,0,False
2347167796,2016-04-12,0,,,,,,1.0,0,False
2347167796,2016-04-13,1,,,,,,1.0,0,False
2347167796,2016-04-14,2,,,,,,0.6,0,False
2347167796,2016-04-15,3,,,,,,0.6,0,False
2347167796,2016-04-16,4,,,,,,0.6,0,False
2347167796,2016-04-17,5,,,,,,0.6,0,False
2347167796,2016-04-18,6,,,,,,0.6,0,False
2347167796,2016-04-19,7,,,,,,0.6,0,False
2347167796,2016-04-20,8,,,,,,0.6,0,False
2347167796,2016-04-21,9,,,,,,0.6,0,False
2347167796,2016-04-22,10,,,,,,0.6,0,False
2347167796,2016-04-23,11,,,,,,0.6,0,False
2347167796,2016-04-24,12,,,,,,0.6,0,False
2347167796,2016-04-25,13,,,,,,0.6,0,False
2347167796,2016-04-26,14,,,,,,0.6,0,False
2347167796,2016-04-27,15,-0.1382577147966766,,-0.1382577147966766,,,0.6285714285714286,0,False
2347167796,2016-04-28,16,0.5115523741287877,,0.5115523741287877,,,0.6571428571428571,0,False
2347167796,2016-04-29,17,1.3868210591525876,,1.3868210591525876,,,0.6857142857142857,0,False
2873212765,2016-04-12,0,-0.2047291311108324,,-0.2047291311108324,,,1.0,0,True
2873212765,2016-04-13,1,1.35092897691432,,1.35092897691432,,,1.0,0,False
2873212765,2016-04-14,2,0.4534212165861415,,0.4534212165861415,,,1.0,0,False
2873212765,2016-04-15,3,-0.0777871653774556,0.0423139885777922,-0.0777871653774556,0.0423139885777922,0.3889145270062881,1.0,0,False
2873212765,2016-04-16,4,-0.6567679854206878,-0.1130097135774638,-0.6567679854206878,-0.1130097135774638,0.3111316216050305,1.0,1,False
2873212765,2016-04-17,5,1.6423507536447532,0.369415976951117,1.6423507536447532,0.369415976951117,0.6424628078484322,1.0,0,False
2873212765,2016-04-18,6,0.441164466318647,0.1076489329049131,0.441164466318647,0.1076489329049131,0.5506824067272276,1.0,0,False
2873212765,2016-04-19,7,0.1524911729815306,0.0510314720131946,0.1524911729815306,0.0510314720131946,0.4818471058863242,1.0,0,False
2873212765,2016-04-20,8,-0.308271846333538,-0.2370286890354083,-0.308271846333538,-0.2370286890354083,0.4283085385656214,1.0,1,True
2873212765,2016-04-21,9,-0.445778553038223,-0.1284571099463378,-0.445778553038223,-0.1284571099463378,0.3854776847090593,1.0,1,True
2873212765,2016-04-22,10,-0.2407565485637705,-0.0232813404551878,-0.2407565485637705,-0.0232813404551878,0.3690726228695496,1.0,0,True
2873212765,2016-04-23,11,-1.1300518735275331,-0.0676119840152636,-1.1300518735275331,-0.0676119840152636,0.3383165709637538,1.0,1,True
2873212765,2016-04-24,12,0.1888487385898222,-0.2076431450078472,0.1888487385898222,-0.2076431450078472,0.4137461125909539,1.0,1,False
2873212765,2016-04-25,13,0.2746872589817025,-0.023782458190992,0.2746872589817025,-0.023782458190992,0.3903241417195915,1.0,0,False
2873212765,2016-04-26,14,0.1452691820831753,-0.0010317129854793,0.1452691820831753,-0.0010317129854793,0.3903241417195915,1.0,0,False
2873212765,2016-04-27,15,1.3296756894134458,0.233992505106712,1.3296756894134458,0.233992505106712,0.3638061702413857,1.0,0,False
2873212765,2016-04-28,16,0.2857059536666217,0.1044977866721206,0.2857059536666217,0.1044977866721206,0.3638061702413857,1.0,0,False
2873212765,2016-04-29,17,0.3464944827710638,0.0838930044764049,0.3464944827710638,0.0838930044764049,0.36814820803456,1.0,0,False
2873212765,2016-04-30,18,-0.3291949856790588,0.1144081268354963,-0.3291949856790588,0.1144081268354963,0.36814820803456,1.0,0,True
2873212765,2016-05-01,19,-0.1535148985116385,-0.0489090910144943,-0.1535148985116385,-0.0489090910144943,0.2164740186132729,1.0,0,True
2873212765,2016-05-02,20,-0.2488864468893477,-0.0747962436958642,-0.2488864468893477,-0.0747962436958642,0.2164740186132729,1.0,1,True
2873212765,2016-05-03,21,-0.4279918211685593,-0.081894429035962,-0.4279918211685593,-0.081894429035962,0.2164740186132729,1.0,1,True
2873212765,2016-05-04,22,-0.1300331109621289,-0.208529828625082,-0.1300331109621289,-0.208529828625082,0.2377567836280179,1.0,1,True
2873212765,2016-05-05,23,-0.2288299464516295,-0.0735051285883215,-0.2288299464516295,-0.0735051285883215,0.2377567836280179,1.0,1,True
2873212765,2016-05-06,24,0.1467135802628464,-0.0285401289297453,0.1467135802628464,-0.0285401289297453,0.2499368923594482,1.0,0,False
2873212765,2016-05-07,25,0.7371422875929572,0.1523338961817166,0.7371422875929572,0.1523338961817166,0.2921103714544561,1.0,0,False
2873212765,2016-05-08,26,0.0735032268132332,0.032431160760696,0.0735032268132332,0.032431160760696,0.197903184874645,1.0,0,False
2873212765,2016-05-09,27,0.0813442455028761,0.0471758131988891,0.0813442455028761,0.0471758131988891,0.1923319347530566,1.0,0,False
2873212765,2016-05-10,28,-0.1154240550877416,0.0446525380115454,-0.1154240550877416,0.0446525380115454,0.1923319347530566,1.0,0,False
2873212765,2016-05-11,29,0.201188025896155,0.0473173052654691,0.201188025896155,0.0473173052654691,0.1303466185854585,1.0,0,False
2873212765,2016-05-12,30,-0.1921835012074037,0.0052352064634608,-0.1921835012074037,0.0052352064634608,0.1303466185854585,1.0,0,False
3372868164,2016-04-12,0,0.2869343107805575,,0.2869343107805575,,,1.0,0,False
3372868164,2016-04-13,1,-5.105881165852681,,-5.105881165852681,,,1.0,0,True
3372868164,2016-04-14,2,-2.2146921620190776,,-2.2146921620190776,,,1.0,0,True
3372868164,2016-04-15,3,-0.7677339877104643,-0.3515560994970072,-0.7677339877104643,-0.3515560994970072,1.0845367945355542,1.0,1,True
3372868164,2016-04-16,4,-0.2007854947048117,-0.1219299513713422,-0.2007854947048117,-0.1219299513713422,0.9810191342295738,1.0,1,True
3372868164,2016-04-17,5,-0.3832869242557302,-0.1340442470072575,-0.3832869242557302,-0.1340442470072575,0.8175159451913115,1.0,1,True
3372868164,2016-04-18,6,-0.0314594471683126,-0.0530656263248116,-0.0314594471683126,-0.0530656263248116,0.7509890211764695,1.0,1,True
3372868164,2016-04-19,7,0.2021288137773425,-0.0121150710004592,0.2021288137773425,-0.0121150710004592,0.6863139261476179,1.0,0,False
3372868164,2016-04-20,8,0.6582806210582349,0.8234516838444165,0.6582806210582349,0.8234516838444165,0.6607403573846482,1.0,0,False
3372868164,2016-04-21,9,-0.2598915338961723,0.2792572325889865,-0.2598915338961723,0.2792572325889865,0.5946663216461834,1.0,0,True
3372868164,2016-04-22,10,0.7416274635129947,0.2156230644604941,0.7416274635129947,0.2156230644604941,0.6316529285337273,1.0,0,False
3372868164,2016-04-23,11,0.1708186242837556,0.0530863027126524,0.1708186242837556,0.0530863027126524,0.5790151844892502,1.0,0,True
3372868164,2016-04-24,12,0.0810944084543542,0.0663401903871548,0.0810944084543542,0.0663401903871548,0.5344755549131539,1.0,0,True
3372868164,2016-04-25,13,0.2162065262798762,0.0353808533497412,0.2162065262798762,0.0353808533497412,0.5059495951211802,1.0,0,False
3372868164,2016-04-26,14,-0.4429696408267128,-0.0921569220862936,-0.4429696408267128,-0.0921569220862936,0.5059495951211802,1.0,1,False
3372868164,2016-04-27,15,-0.298155774144023,-0.1366337707431797,-0.298155774144023,-0.1366337707431797,0.5162934427413725,1.0,1,False
3372868164,2016-04-28,16,-0.0738282734711188,0.0265804657750076,-0.0738282734711188,0.0265804657750076,0.325803335372751,1.0,0,False
3372868164,2016-04-29,17,-0.4674953905600426,-0.1727318362961482,-0.4674953905600426,-0.1727318362961482,0.2224491800649928,1.0,1,False
3372868164,2016-04-30,18,0.2503661804727712,0.0113639365984307,0.2503661804727712,0.0113639365984307,0.2332286856383615,1.0,0,False
3372868164,2016-05-01,19,0.9745033582838228,0.1276298499756383,0.9745033582838228,0.1276298499756383,0.2849527697677224,1.0,0,False
3977333714,2016-04-12,0,0.2466366298327398,,0.2466366298327398,,,1.0,0,False
3977333714,2016-04-13,1,-1.1629823125835244,,-1.1629823125835244,,,1.0,0,True
3977333714,2016-04-14,2,0.3834728707251591,,0.3834728707251591,,,1.0,0,True
3977333714,2016-04-15,3,-1.4660179927347596,-0.5708848741891664,-1.4660179927347596,-0.5708848741891664,0.3866137958271708,1.0,1,True
3977333714,2016-04-16,4,-1.0151110048109993,-0.3154369086609347,-1.0151110048109993,-0.3154369086609347,0.3994724342464888,1.0,1,True
3977333714,2016-04-17,5,-1.1009102320143096,-0.2695093723694098,-1.1009102320143096,-0.2695093723694098,0.3328936952054073,1.0,1,True
3977333714,2016-04-18,6,-1.3815871032136169,-0.2713706221743928,-1.3815871032136169,-0.2713706221743928,0.2853374530332062,1.0,1,True
3977333714,2016-04-19,7,-0.1243873413388922,-0.0530034244530903,-0.1243873413388922,-0.0530034244530903,0.406820241638396,1.0,1,False
3977333714,2016-04-20,8,0.8428511919435573,0.2865476435038688,0.8428511919435573,0.2865476435038688,0.4690889407099575,1.0,0,False
3977333714,2016-04-21,9,1.1312424212749148,0.1068242215071079,1.1312424212749148,0.1068242215071079,0.4510191695720975,1.0,0,False
3977333714,2016-04-22,10,0.5088011162716692,0.282117015572347,0.5088011162716692,0.282117015572347,0.4100174268837249,1.0,0,False
3977333714,2016-04-23,11,0.7106903180704185,0.2465430461259168,0.7106903180704185,0.2465430461259168,0.3926734081266437,1.0,0,False
3977333714,2016-04-24,12,-0.3215488736118483,0.1113373369146372,-0.3215488736118483,0.1113373369146372,0.3624677613476711,1.0,0,False
3977333714,2016-04-25,13,-0.3747435489532925,0.1438347934657606,-0.3747435489532925,0.1438347934657606,0.3365772069656946,1.0,0,False
3977333714,2016-04-26,14,-0.2583780857385923,-0.0191415349142428,-0.2583780857385923,-0.0191415349142428,0.3448890257667446,1.0,0,False
3977333714,2016-04-27,15,0.0679437323322874,-0.1107010656587528,0.0679437323322874,-0.1107010656587528,0.3681977270575217,1.0,1,False
3977333714,2016-04-28,16,0.9038079742706931,-0.0324906352863174,0.9038079742706931,-0.0324906352863174,0.317441231245359,1.0,0,False
3977333714,2016-04-29,17,0.039402068978173,-0.0670570067562137,0.039402068978173,-0.0670570067562137,0.317441231245359,1.0,1,False
3977333714,2016-04-30,18,0.2651407431642942,-0.0636499392723035,0.2651407431642942,-0.0636499392723035,0.3013577802640991,1.0,1,True
3977333714,2016-05-01,19,-0.7150115100778615,-0.0562089480665733,-0.7150115100778615,-0.0562089480665733,0.3013577802640991,1.0,1,True
3977333714,2016-05-02,20,-0.7345153278377495,-0.0513959684120653,-0.7345153278377495,-0.0513959684120653,0.3013577802640991,1.0,1,False
3977333714,2016-05-03,21,-0.8796458115801189,-0.0887525322630752,-0.8796458115801189,-0.0887525322630752,0.2115577972730473,1.0,1,False
3977333714,2016-05-04,22,-0.2601589536540978,-0.0468718122837693,-0.2601589536540978,-0.0468718122837693,0.1867183918904453,1.0,0,False
3977333714,2016-05-05,23,-0.2119344940667622,-0.159391781191065,-0.2119344940667622,-0.159391781191065,0.1695636226230152,1.0,1,False
3977333714,2016-05-06,24,-0.2019156097735596,-0.0344739541073903,-0.2019156097735596,-0.0344739541073903,0.1702792572153868,1.0,0,False
3977333714,2016-05-07,25,0.5630774040808271,0.0425623801309332,0.5630774040808271,0.0425623801309332,0.2105009580765037,1.0,0,False
3977333714,2016-05-08,26,0.1672039833130191,0.1260307847701257,0.1672039833130191,0.1260307847701257,0.2105009580765037,1.0,0,False
3977333714,2016-05-09,27,,0.1502865518584614,,0.1502865518584614,0.2105009580765037,0.9714285714285714,0,False
3977333714,2016-05-10,28,,0.2093699589786276,,0.2093699589786276,0.2021891392754537,0.9428571428571428,0,False
3977333714,2016-05-11,29,,0.1068407342417792,,0.1068407342417792,0.1788804379846766,0.9142857142857144,0,False
4020332650,2016-04-12,0,-0.7335657220224838,,-0.7335657220224838,,,1.0,0,False
4020332650,2016-04-13,1,,,,,,1.0,0,False
4020332650,2016-04-14,2,,,,,,0.7333333333333334,0,False
4020332650,2016-04-15,3,,,,,,0.7,0,False
4020332650,2016-04-16,4,,,,,,0.6799999999999999,0,False
4020332650,2016-04-17,5,,,,,,0.6666666666666666,0,False
4020332650,2016-04-18,6,,,,,,0.6571428571428571,0,False
4020332650,2016-04-19,7,,,,,,0.6499999999999999,0,False
4020332650,2016-04-20,8,,,,,,0.6444444444444444,0,False
4020332650,2016-04-21,9,,,,,,0.6399999999999999,0,False
4020332650,2016-04-22,10,,,,,,0.6363636363636364,0,False
4020332650,2016-04-23,11,,,,,,0.6333333333333333,0,False
4020332650,2016-04-24,12,,,,,,0.6307692307692307,0,False
4020332650,2016-04-25,13,,,,,,0.6285714285714286,0,False
4020332650,2016-04-26,14,,,,,,0.6,0,False
4020332650,2016-04-27,15,,,,,,0.6,0,False
4020332650,2016-04-28,16,,,,,,0.6,0,False
4020332650,2016-04-29,17,,,,,,0.6,0,False
4020332650,2016-04-30,18,,,,,,0.6,0,False
4020332650,2016-05-01,19,,,,,,0.6,0,False
4020332650,2016-05-02,20,,,,,,0.6,0,False
4020332650,2016-05-03,21,,,,,,0.6,0,False
4020332650,2016-05-04,22,,,,,,0.6,0,False
4020332650,2016-05-05,23,,,,,,0.6,0,False
4020332650,2016-05-06,24,,,,,,0.6,0,False
4020332650,2016-05-07,25,,,,,,0.6,0,False
4020332650,2016-05-08,26,,,,,,0.6,0,False
4020332650,2016-05-09,27,,,,,,0.6,0,False
4020332650,2016-05-10,28,,,,,,0.6,0,False
4020332650,2016-05-11,29,,,,,,0.6,0,False
4020332650,2016-05-12,30,,,,,,0.6,0,False
4057192912,2016-04-12,0,-0.1445201781402299,,-0.1445201781402299,,,1.0,0,False
4057192912,2016-04-13,1,-0.5754800923887304,,-0.5754800923887304,,,1.0,0,False
4057192912,2016-04-14,2,2.109938873272238,,2.109938873272238,,,1.0,0,False
4057192912,2016-04-15,3,0.6498578293133424,0.2647926691511906,0.6498578293133424,0.2647926691511906,0.6713547414152421,1.0,0,False
4319703577,2016-04-12,0,,,,,,1.0,0,False
4319703577,2016-04-13,1,,,,,,1.0,0,False
4319703577,2016-04-14,2,,,,,,0.6,0,False
4319703577,2016-04-15,3,,,,,,0.6,0,False
4319703577,2016-04-16,4,,,,,,0.6,0,False
4319703577,2016-04-17,5,,,,,,0.6,0,False
4319703577,2016-04-18,6,,,,,,0.6,0,False
4319703577,2016-04-19,7,,,,,,0.6,0,False
4319703577,2016-04-20,8,,,,,,0.6,0,False
4319703577,2016-04-21,9,,,,,,0.6,0,False
4319703577,2016-04-22,10,,,,,,0.6,0,False
4319703577,2016-04-23,11,,,,,,0.6,0,False
4319703577,2016-04-24,12,0.198137847981844,,0.198137847981844,,,0.6307692307692307,0,True
4319703577,2016-04-25,13,-0.3621477825797874,,-0.3621477825797874,,,0.6571428571428571,0,True
4319703577,2016-04-26,14,-0.8991624845299424,,-0.8991624845299424,,,0.6857142857142857,0,True
4319703577,2016-04-27,15,-0.7217406778135523,-0.3066261752651321,-0.7217406778135523,-0.3066261752651321,0.0126729861940278,0.7142857142857142,1,False
4319703577,2016-04-28,16,-0.475247199495476,-0.16834626186933,-0.475247199495476,-0.16834626186933,0.0302796632167475,0.7428571428571429,1,False
4319703577,2016-04-29,17,-0.2339507058567951,-0.0864177107677278,-0.2339507058567951,-0.0864177107677278,0.0475151270480819,0.7714285714285715,1,False
4319703577,2016-04-30,18,-0.3641838377947763,-0.09372028096277,-0.3641838377947763,-0.09372028096277,0.0475151270480819,0.8,1,False
4319703577,2016-05-01,19,0.8550877092356302,0.0938499801791123,0.8550877092356302,0.0938499801791123,0.1346059518359681,0.807142857142857,0,False
4319703577,2016-05-02,20,0.1098228335020455,0.0674243737259761,0.1098228335020455,0.0674243737259761,0.1346059518359681,0.8357142857142856,0,False
4319703577,2016-05-03,21,-0.1932790735203267,0.1008404872870879,-0.1932790735203267,0.1008404872870879,0.1346059518359681,0.8642857142857142,0,False
4319703577,2016-05-04,22,,0.0880769340488709,,0.0880769340488709,0.1346059518359681,0.8642857142857142,0,False
4319703577,2016-05-05,23,,0.0563936251950298,,0.0563936251950298,0.1346059518359681,0.8642857142857142,0,False
4319703577,2016-05-06,24,,0.0101679080841171,,0.0101679080841171,0.1346059518359681,0.8642857142857142,0,False
4319703577,2016-05-07,25,,0.0569682547581499,,0.0569682547581499,0.1346059518359681,0.8642857142857142,0,False
4319703577,2016-05-08,26,,,,,0.1346059518359681,0.8357142857142856,0,False
4319703577,2016-05-09,27,,,,,0.1346059518359681,0.807142857142857,0,False
4319703577,2016-05-10,28,,,,,0.1346059518359681,0.7785714285714286,0,False
4319703577,2016-05-11,29,,,,,0.1219329656419402,0.75,0,False
4319703577,2016-05-12,30,1.5529543054622814,,1.5529543054622814,,0.1043262886192205,0.75,0,False
4388161847,2016-04-12,0,,,,,,1.0,0,False
4388161847,2016-04-13,1,,,,,,1.0,0,False
4388161847,2016-04-14,2,,,,,,0.6,0,False
4388161847,2016-04-15,3,,,,,,0.6,0,False
4388161847,2016-04-16,4,,,,,,0.6,0,False
4388161847,2016-04-17,5,,,,,,0.6,0,False
4388161847,2016-04-18,6,,,,,,0.6,0,False
4388161847,2016-04-19,7,,,,,,0.6,0,False
4388161847,2016-04-20,8,,,,,,0.6,0,False
4388161847,2016-04-21,9,-0.1342616771862583,,-0.1342616771862583,,,0.6399999999999999,0,False
4388161847,2016-04-22,10,0.4154645556922174,,0.4154645556922174,,,0.6727272727272726,0,False
4388161847,2016-04-23,11,-0.6892055321525823,,-0.6892055321525823,,,0.7,0,False
4388161847,2016-04-24,12,-0.8970402326246718,-0.2542595184794711,-0.8970402326246718,-0.2542595184794711,0.0422866332983442,0.7230769230769231,1,False
4388161847,2016-04-25,13,,-0.2542595184794711,,-0.2542595184794711,0.0392661594913196,0.7142857142857142,0,False
4388161847,2016-04-26,14,,-0.2542595184794711,,-0.2542595184794711,0.0392661594913196,0.7142857142857142,0,False
4388161847,2016-04-27,15,,-0.2542595184794711,,-0.2542595184794711,0.0392661594913196,0.7142857142857142,0,False
4388161847,2016-04-28,16,,-0.2542595184794711,,-0.2542595184794711,0.0392661594913196,0.7142857142857142,0,False
4388161847,2016-04-29,17,,,,,0.0392661594913196,0.7142857142857142,0,False
4388161847,2016-04-30,18,,,,,0.0392661594913196,0.7142857142857142,0,False
4388161847,2016-05-01,19,,,,,0.0392661594913196,0.7142857142857142,0,False
4388161847,2016-05-02,20,,,,,0.0392661594913196,0.7142857142857142,0,False
4388161847,2016-05-03,21,,,,,0.0392661594913196,0.7142857142857142,0,False
4388161847,2016-05-04,22,,,,,0.0392661594913196,0.7142857142857142,0,False
4388161847,2016-05-05,23,,,,,0.0392661594913196,0.5769644845691299,0,False
4388161847,2016-05-05,24,,,,,0.0392661594913196,0.5769644845691299,0,False
4388161847,2016-05-06,25,,,,,,0.5483930559977013,0,False
4388161847,2016-05-07,26,,,,,,0.5198216274262727,0,False
4388161847,2016-05-08,27,,,,,,0.5198216274262727,0,False
4388161847,2016-05-09,28,,,,,,0.5198216274262727,0,False
4388161847,2016-05-10,29,,,,,,0.5198216274262727,0,False
4388161847,2016-05-11,30,,,,,,0.5198216274262727,0,False
4388161847,2016-05-12,31,,,,,,0.5198216274262727,0,False
4445114986,2016-04-12,0,0.0815818107286716,,0.0815818107286716,,,1.0,0,False
4445114986,2016-04-13,1,1.6418322134661243,,1.6418322134661243,,,1.0,0,False
4445114986,2016-04-14,2,-0.4650926590499608,,-0.4650926590499608,,,1.0,0,False
4445114986,2016-04-15,3,-0.962882690069524,-0.3481548335993984,-0.962882690069524,-0.3481548335993984,0.3900626006843631,1.0,1,False
4445114986,2016-04-16,4,-0.6552089918246649,-0.1841977006383341,-0.6552089918246649,-0.1841977006383341,0.3735848201964624,1.0,1,False
4445114986,2016-04-17,5,1.8245065496600508,0.3485849477862758,1.8245065496600508,0.3485849477862758,0.7246066070778379,1.0,0,False
4445114986,2016-04-18,6,,0.3485849477862758,,0.3485849477862758,0.6210913774952895,0.9428571428571428,0,False
4445114986,2016-04-19,7,,0.3485849477862758,,0.3485849477862758,0.5434549553083784,0.9,0,False
4445114986,2016-04-20,8,,0.0456685840484816,,0.0456685840484816,0.4830710713852252,0.8666666666666667,0,False
4445114986,2016-04-21,9,,0.7631997362366705,,0.7631997362366705,0.4347639642467027,0.84,0,False
4445114986,2016-04-22,10,,,,,0.3952399674970024,0.8181818181818181,0,False
4445114986,2016-04-23,11,,,,,0.3623033035389189,0.8,0,False
4445114986,2016-04-24,12,,,,,0.3344338186513098,0.7846153846153846,0,False
4445114986,2016-04-25,13,,,,,0.3105456887476447,0.7714285714285715,0,False
4445114986,2016-04-26,14,,,,,0.3105456887476447,0.7428571428571429,0,False
4445114986,2016-04-27,15,,,,,0.1990992314092553,0.7142857142857142,0,False
4445114986,2016-04-28,16,,,,,0.1990992314092553,0.6857142857142857,0,False
4445114986,2016-04-29,17,,,,,,0.6571428571428571,0,False
4445114986,2016-04-30,18,,,,,,0.6285714285714286,0,False
4445114986,2016-05-01,19,-0.3157087364824724,,-0.3157087364824724,,,0.6285714285714286,0,True
4445114986,2016-05-02,20,-0.9299140265923874,,-0.9299140265923874,,,0.6571428571428571,0,True
4445114986,2016-05-03,21,-1.124632049533612,,-1.124632049533612,,,0.6857142857142857,0,True
4445114986,2016-05-04,22,-0.0484303983107068,0.0890927793905885,-0.0484303983107068,0.0890927793905885,0.0768715465159217,0.7142857142857142,0,False
4445114986,2016-05-05,23,-0.5518108354192779,-0.0590255247342013,-0.5518108354192779,-0.0590255247342013,0.0768715465159217,0.7428571428571429,1,True
4445114986,2016-05-06,24,0.4278880979591419,0.1487193668883228,0.4278880979591419,0.1487193668883228,0.1468500417572374,0.7714285714285715,0,False
4445114986,2016-05-07,25,0.4001258206870638,0.119305759528256,0.4001258206870638,0.119305759528256,0.1468500417572374,0.8,0,False
4445114986,2016-05-08,26,0.0734820315934637,0.0555986811537051,0.0734820315934637,0.0555986811537051,0.1468500417572374,0.8285714285714285,0,False
4445114986,2016-05-09,27,-0.4313697537090181,0.0712206104119099,-0.4313697537090181,0.0712206104119099,0.1468500417572374,0.8571428571428571,0,False
4445114986,2016-05-10,28,-0.3376813471011147,0.1124215289189281,-0.3376813471011147,0.1124215289189281,0.1535420708006591,0.8857142857142857,0,False
4445114986,2016-05-11,29,-1.481486922648119,-0.2047223606196303,-1.481486922648119,-0.2047223606196303,0.1535420708006591,0.9142857142857144,1,False
4445114986,2016-05-12,30,0.1118971944369406,0.0948154328366026,0.1118971944369406,0.0948154328366026,0.2673552220210206,0.9428571428571428,0,False
4558609924,2016-04-12,0,,,,,,1.0,0,False
4558609924,2016-04-13,1,,,,,,1.0,0,False
4558609924,2016-04-14,2,,,,,,0.6,0,False
4558609924,2016-04-15,3,,,,,,0.6,0,False
4558609924,2016-04-16,4,,,,,,0.6,0,False
4558609924,2016-04-17,5,,,,,,0.6,0,False
4558609924,2016-04-18,6,,,,,,0.6,0,False
4558609924,2016-04-19,7,,,,,,0.6,0,False
4558609924,2016-04-20,8,,,,,,0.6,0,False
4558609924,2016-04-21,9,,,,,,0.6,0,False
4558609924,2016-04-22,10,,,,,,0.6,0,False
4558609924,2016-04-23,11,,,,,,0.6,0,False
4558609924,2016-04-24,12,,,,,,0.6,0,False
4558609924,2016-04-25,13,,,,,,0.6,0,False
4558609924,2016-04-26,14,,,,,,0.6,0,False
4558609924,2016-04-27,15,,,,,,0.6,0,False
4558609924,2016-04-28,16,,,,,,0.6,0,False
4558609924,2016-04-29,17,,,,,,0.6,0,False
4558609924,2016-04-30,18,,,,,,0.6,0,False
4558609924,2016-05-01,19,,,,,,0.6,0,False
4558609924,2016-05-02,20,,,,,,0.6,0,False
4558609924,2016-05-03,21,,,,,,0.6,0,False
4558609924,2016-05-04,22,,,,,,0.6,0,False
4558609924,2016-05-05,23,,,,,,0.6,0,False
4558609924,2016-05-06,24,,,,,,0.6,0,False
4558609924,2016-05-07,25,,,,,,0.6,0,False
4558609924,2016-05-08,26,,,,,,0.6,0,False
4558609924,2016-05-09,27,,,,,,0.6,0,False
4558609924,2016-05-10,28,,,,,,0.6,0,False
4558609924,2016-05-11,29,,,,,,0.6,0,False
4558609924,2016-05-12,30,,,,,,0.6,0,False
4702921684,2016-04-12,0,0.0943984915247054,,0.0943984915247054,,,1.0,0,False
4702921684,2016-04-13,1,1.0181143935225836,,1.0181143935225836,,,1.0,0,False
4702921684,2016-04-14,2,0.5665475476831546,,0.5665475476831546,,,1.0,0,False
4702921684,2016-04-15,3,2.1990341894038137,0.7015452326263695,2.1990341894038137,0.7015452326263695,0.6390506359296343,1.0,0,False
4702921684,2016-04-16,4,0.2050841973369346,0.0276714264530573,0.2050841973369346,0.0276714264530573,0.5112405087437074,1.0,0,False
4702921684,2016-04-17,5,-1.9221655864381473,-0.4033128155925705,-1.9221655864381473,-0.4033128155925705,0.4260337572864228,1.0,1,False
4702921684,2016-04-18,6,0.0976116874517034,0.0005355326544997,0.0976116874517034,0.0005355326544997,0.653711402515484,1.0,0,False
4702921684,2016-04-19,7,-0.4315604970546261,-0.0751369983684758,-0.4315604970546261,-0.0751369983684758,0.5719974772010485,1.0,1,False
4702921684,2016-04-20,8,-0.629541293196594,-0.2353793838170253,-0.629541293196594,-0.2353793838170253,0.5084422019564876,1.0,1,False
4702921684,2016-04-21,9,-0.1533575802013322,-0.1028435896977838,-0.1533575802013322,-0.1028435896977838,0.505216353060365,1.0,1,False
4702921684,2016-04-22,10,,-0.3920652949341909,,-0.3920652949341909,0.4592875936912409,0.9636363636363636,0,False
4702921684,2016-04-23,11,,-0.0716883555076532,,-0.0716883555076532,0.4210136275503041,0.9333333333333332,0,False
4702921684,2016-04-24,12,,0.4422020015592038,,0.4422020015592038,0.3886279638925884,0.9076923076923076,0,False
4702921684,2016-04-25,13,,-0.0836564225510118,,-0.0836564225510118,0.3608688236145464,0.8857142857142857,0,False
4702921684,2016-04-26,14,,,,,0.3608688236145464,0.8571428571428571,0,False
4702921684,2016-04-27,15,,,,,0.2948891163289837,0.8285714285714285,0,False
4702921684,2016-04-28,16,,,,,0.2948891163289837,0.8,0,False
4702921684,2016-04-29,17,0.4989087052100812,,0.4989087052100812,,0.1782829276346509,0.8,0,False
4702921684,2016-04-30,18,-0.2615158600786159,,-0.2615158600786159,,0.1782829276346509,0.8,0,False
4702921684,2016-05-01,19,,,,,0.1782829276346509,0.7714285714285715,0,False
4702921684,2016-05-02,20,,,,,0.0340131223568044,0.7428571428571429,0,False
4702921684,2016-05-03,21,,,,,0.0340131223568044,0.7142857142857142,0,False
4702921684,2016-05-04,22,,,,,,0.6857142857142857,0,False
4702921684,2016-05-05,23,,,,,,0.6571428571428571,0,False
4702921684,2016-05-06,24,,,,,,0.6571428571428571,0,False
4702921684,2016-05-07,25,,,,,,0.5769644845691299,0,False
4702921684,2016-05-07,26,,,,,,0.5769644845691299,0,False
4702921684,2016-05-08,27,,,,,,0.5769644845691299,0,False
4702921684,2016-05-09,28,,,,,,0.5769644845691299,0,False
4702921684,2016-05-10,29,,,,,,0.5769644845691299,0,False
4702921684,2016-05-11,30,,,,,,0.5769644845691299,0,False
4702921684,2016-05-12,31,,,,,,0.5483930559977013,0,False
5553957443,2016-04-12,0,-0.0950735981075092,,-0.0950735981075092,,,1.0,0,True
5553957443,2016-04-13,1,2.3122342692047124,,2.3122342692047124,,,1.0,0,False
5553957443,2016-04-14,2,-0.4253321465884964,,-0.4253321465884964,,,1.0,0,True
5553957443,2016-04-15,3,-0.6565643306635327,-0.1871635775186746,-0.6565643306635327,-0.1871635775186746,0.6018269668280554,1.0,1,True
5553957443,2016-04-16,4,-0.8481554584038788,-0.1882704650740924,-0.8481554584038788,-0.1882704650740924,0.4814615734624443,1.0,1,True
5553957443,2016-04-17,5,1.0992397290016738,0.2388626654218365,1.0992397290016738,0.2388626654218365,0.7257838424529623,1.0,0,False
5553957443,2016-04-18,6,0.4571678449528811,0.0920402405100649,0.4571678449528811,0.0920402405100649,0.6221004363882534,1.0,0,False
5553957443,2016-04-19,7,0.034347212355024,0.0184886872089332,0.034347212355024,0.0184886872089332,0.5443378818397218,1.0,0,False
5553957443,2016-04-20,8,-0.0005616346701348,-0.3303994148392639,-0.0005616346701348,-0.3303994148392639,0.4838558949686415,1.0,1,True
5553957443,2016-04-21,9,-0.0370047608855212,0.0554753408147107,-0.0370047608855212,0.0554753408147107,0.4354703054717774,1.0,0,False
5553957443,2016-04-22,10,0.1149626011459718,0.1102181331156434,0.1149626011459718,0.1102181331156434,0.4096973106135697,1.0,0,False
5553957443,2016-04-23,11,-0.7323058819023973,0.0165499395002116,-0.7323058819023973,0.0165499395002116,0.3755558680624389,1.0,0,False
5553957443,2016-04-24,12,0.1896783948083262,-0.1299373334561925,0.1896783948083262,-0.1299373334561925,0.4175888225738454,1.0,1,False
5553957443,2016-04-25,13,0.1024620760138768,-0.050672252705572,0.1024620760138768,-0.050672252705572,0.3877610495328564,1.0,1,False
5553957443,2016-04-26,14,0.0281376509075575,-0.0008870802067809,0.0281376509075575,-0.0008870802067809,0.3877610495328564,1.0,0,False
5553957443,2016-04-27,15,0.2520966326094914,0.0360940381828037,0.2520966326094914,0.0360940381828037,0.2318075577035502,1.0,0,True
5553957443,2016-04-28,16,-0.0728603055320752,-0.0051222206637934,-0.0728603055320752,-0.0051222206637934,0.2318075577035502,1.0,0,True
5553957443,2016-04-29,17,-0.2087822547903471,-0.0462492651337598,-0.2087822547903471,-0.0462492651337598,0.2318075577035502,1.0,0,True
5553957443,2016-04-30,18,-0.7796534193844996,-0.0067639339260146,-0.7796534193844996,-0.0067639339260146,0.2318075577035502,1.0,0,True
5553957443,2016-05-01,19,-0.5523721955104783,-0.1060072271884006,-0.5523721955104783,-0.1060072271884006,0.1089422745941551,1.0,1,True
5553957443,2016-05-02,20,-0.1116303867872299,-0.0305846375430152,-0.1116303867872299,-0.0305846375430152,0.1404238323601014,1.0,0,False
5553957443,2016-05-03,21,-0.1102300342111723,-0.0197668121598185,-0.1102300342111723,-0.0197668121598185,0.1405238575441055,1.0,0,False
5553957443,2016-05-04,22,0.6564379685629533,0.0577630479933516,0.6564379685629533,0.0577630479933516,0.1952858577422573,1.0,0,False
5553957443,2016-05-05,23,0.1653442712832245,0.0340292252593284,0.1653442712832245,0.0340292252593284,0.1952858577422573,1.0,0,True
5553957443,2016-05-06,24,0.4887326763950176,0.0996449901693377,0.4887326763950176,0.0996449901693377,0.2075302179622788,1.0,0,False
5553957443,2016-05-07,25,0.7883172781146499,0.2239958139284499,0.7883172781146499,0.2239958139284499,0.2289291180851096,1.0,0,False
5553957443,2016-05-08,26,-0.0960494816342745,0.0651889591251719,-0.0960494816342745,0.0651889591251719,0.163073098320058,1.0,0,False
5553957443,2016-05-09,27,-0.2488321638829364,-0.0196002538708152,-0.2488321638829364,-0.0196002538708152,0.163073098320058,1.0,0,False
5553957443,2016-05-10,28,-0.6992836230980114,-0.0841505126981199,-0.6992836230980114,-0.0841505126981199,0.163073098320058,1.0,1,False
5553957443,2016-05-11,29,0.1412567195817321,-0.0735973212830316,0.1412567195817321,-0.0735973212830316,0.2071146241041872,1.0,1,False
5553957443,2016-05-12,30,0.364616126325502,0.0284674078631824,0.364616126325502,0.0284674078631824,0.2230688674430279,1.0,0,False
5577150313,2016-04-12,0,0.0439250843822389,,0.0439250843822389,,,1.0,0,False
5577150313,2016-04-13,1,1.3704267896623308,,1.3704267896623308,,,1.0,0,False
5577150313,2016-04-14,2,-0.7517061128076294,,-0.7517061128076294,,,1.0,0,True
5577150313,2016-04-15,3,-0.780146997075357,-0.2746906938191986,-0.780146997075357,-0.2746906938191986,0.3316254263200229,1.0,1,True
5577150313,2016-04-16,4,-1.081771333561114,-0.2814241044858382,-1.081771333561114,-0.2814241044858382,0.2653003410560183,1.0,1,True
5577150313,2016-04-17,5,-1.4679704683115948,-0.3023791105387667,-1.4679704683115948,-0.3023791105387667,0.2210836175466819,1.0,1,True
5577150313,2016-04-18,6,-1.0623221451781018,-0.1843745382600568,-1.0623221451781018,-0.1843745382600568,0.2474500040590835,1.0,1,True
5577150313,2016-04-19,7,-0.9253401054940116,-0.1384664556966072,-0.9253401054940116,-0.1384664556966072,0.2336415085122093,1.0,1,True
5577150313,2016-04-20,8,-0.0631845302353848,-0.2048016171282451,-0.0631845302353848,-0.2048016171282451,0.3034764048173668,1.0,1,True
5577150313,2016-04-21,9,0.0997335941584381,0.1216342438522953,0.0997335941584381,0.1216342438522953,0.2894205767750124,1.0,0,True
5577150313,2016-04-22,10,0.851620871746201,0.2331096955459368,0.851620871746201,0.2331096955459368,0.3314630041216261,1.0,0,False
5577150313,2016-04-23,11,1.0151944555274937,0.2995665412983725,1.0151944555274937,0.2995665412983725,0.317472219093265,1.0,0,False
5577150313,2016-04-24,12,-0.7843512845415841,0.0976598833957157,-0.7843512845415841,0.0976598833957157,0.2930512791630138,1.0,0,False
5577150313,2016-04-25,13,0.2142600259307538,0.1823688815869793,0.2142600259307538,0.1823688815869793,0.343448424256537,1.0,0,False
5577150313,2016-04-26,14,0.6126216671885234,0.2197088246689335,0.6126216671885234,0.2197088246689335,0.3719028272035206,1.0,0,False
5577150313,2016-04-27,15,0.3964369294258902,0.0656602085230392,0.3964369294258902,0.0656602085230392,0.2771527053977997,1.0,0,False
5577150313,2016-04-28,16,0.2692831835134688,0.0242213699078615,0.2692831835134688,0.0242213699078615,0.2771527053977997,1.0,0,True
5577150313,2016-04-29,17,0.2142687355268042,-0.0910503051741995,0.2142687355268042,-0.0910503051741995,0.2771527053977997,1.0,1,False
5577150313,2016-04-30,18,0.0257544904156894,-0.1413485664445434,0.0257544904156894,-0.1413485664445434,0.2771527053977997,1.0,1,False
5577150313,2016-05-01,19,-0.7975188305582588,-0.001881078002382,-0.7975188305582588,-0.001881078002382,0.2771527053977997,1.0,0,False
5577150313,2016-05-02,20,-0.8365095529323605,-0.1501099398375877,-0.8365095529323605,-0.1501099398375877,0.2481778251739788,1.0,1,False
5577150313,2016-05-03,21,-0.9040570643597317,-0.2166683902211792,-0.9040570643597317,-0.2166683902211792,0.2383933937679723,1.0,1,False
5577150313,2016-05-04,22,-0.6201908640933106,-0.1452325419313143,-0.6201908640933106,-0.1452325419313143,0.1970870098399576,1.0,1,False
5577150313,2016-05-05,23,1.6515890109736688,0.1974722610657428,1.6515890109736688,0.1974722610657428,0.3477199920308973,0.9785714285714284,0,False
5577150313,2016-05-06,24,,0.2395533792411441,,0.2395533792411441,0.2940137579174857,0.95,0,False
5577150313,2016-05-07,25,,0.3251669041115959,,0.3251669041115959,0.2823299305045362,0.9214285714285714,0,False
5577150313,2016-05-08,26,,0.6122769603829818,,0.6122769603829818,0.2823299305045362,0.8928571428571428,0,False
5577150313,2016-05-09,27,,0.8293661879686764,,0.8293661879686764,0.2110005511850835,0.8642857142857142,0,False
5577150313,2016-05-10,28,,,,,0.1825461482381,0.8357142857142856,0,False
5577150313,2016-05-11,29,,,,,0.1825461482381,0.807142857142857,0,False
6117666160,2016-04-12,0,,,,,,1.0,0,False
6117666160,2016-04-13,1,,,,,,1.0,0,False
6117666160,2016-04-14,2,,,,,,0.6,0,False
6117666160,2016-04-15,3,,,,,,0.6,0,False
6117666160,2016-04-16,4,,,,,,0.6,0,False
6117666160,2016-04-17,5,,,,,,0.6,0,False
6117666160,2016-04-18,6,,,,,,0.6,0,False
6117666160,2016-04-19,7,,,,,,0.6,0,False
6117666160,2016-04-20,8,,,,,,0.6,0,False
6117666160,2016-04-21,9,,,,,,0.6,0,False
6117666160,2016-04-22,10,-0.6724738213563082,,-0.6724738213563082,,,0.6363636363636364,0,False
6117666160,2016-04-23,11,-0.9794901015613976,,-0.9794901015613976,,,0.6666666666666666,0,False
6117666160,2016-04-24,12,0.5366206278838969,,0.5366206278838969,,,0.6923076923076923,0,False
6117666160,2016-04-25,13,,,,,,0.6857142857142857,0,False
6117666160,2016-04-26,14,,,,,,0.6857142857142857,0,False
6117666160,2016-04-27,15,,,,,,0.6857142857142857,0,False
6117666160,2016-04-28,16,,,,,,0.6857142857142857,0,False
6117666160,2016-04-29,17,,,,,,0.6857142857142857,0,False
6117666160,2016-04-30,18,,,,,,0.6857142857142857,0,False
6117666160,2016-05-01,19,,,,,,0.6857142857142857,0,False
6117666160,2016-05-02,20,,,,,,0.6857142857142857,0,False
6117666160,2016-05-03,21,,,,,,0.6857142857142857,0,False
6117666160,2016-05-04,22,,,,,,0.6857142857142857,0,False
6117666160,2016-05-05,23,,,,,,0.6857142857142857,0,False
6117666160,2016-05-06,24,,,,,,0.6571428571428571,0,False
6117666160,2016-05-07,25,,,,,,0.6285714285714286,0,False
6117666160,2016-05-08,26,,,,,,0.6,0,False
6117666160,2016-05-09,27,,,,,,0.6,0,False
6290855005,2016-04-12,0,0.095145142711999,,0.095145142711999,,,1.0,0,False
6290855005,2016-04-13,1,-1.7105581649925616,,-1.7105581649925616,,,1.0,0,True
6290855005,2016-04-14,2,-1.128822499072916,,-1.128822499072916,,,1.0,0,True
6290855005,2016-04-15,3,-1.2767344458915255,-0.4572931962011748,-1.2767344458915255,-0.4572931962011748,0.1454339164799113,1.0,1,True
6290855005,2016-04-16,4,-0.8343808783165951,-0.2323815052571485,-0.8343808783165951,-0.2323815052571485,0.2048178466989152,1.0,1,True
6290855005,2016-04-17,5,-0.5731925437646589,-0.1336675372953315,-0.5731925437646589,-0.1336675372953315,0.214212928007752,1.0,1,True
6290855005,2016-04-18,6,-0.3052984360278604,-0.0667405964566432,-0.3052984360278604,-0.0667405964566432,0.2218816679690443,1.0,1,True
6290855005,2016-04-19,7,-0.0600980995128916,-0.0221776060321272,-0.0600980995128916,-0.0221776060321272,0.2247965015372849,1.0,0,True
6290855005,2016-04-20,8,0.1578723361046429,0.2669186430138863,0.1578723361046429,0.2669186430138863,0.2240380497684237,1.0,0,False
6290855005,2016-04-21,9,1.218023144378086,0.3352636633501431,1.218023144378086,0.3352636633501431,0.3076493256189256,1.0,0,False
6290855005,2016-04-22,10,0.4387668077719111,0.2450716076662052,0.4387668077719111,0.2450716076662052,0.2796812051081143,1.0,0,True
6290855005,2016-04-23,11,1.193898983181403,0.2897542659282854,1.193898983181403,0.2897542659282854,0.3193021192998957,1.0,0,False
6290855005,2016-04-24,12,0.3584331322728941,0.1330893822910789,0.3584331322728941,0.1330893822910789,0.2947404178152883,1.0,0,False
6290855005,2016-04-25,13,-0.2112732601579245,0.0134321679814193,-0.2112732601579245,0.0134321679814193,0.273687530828482,1.0,0,False
6290855005,2016-04-26,14,0.5778252093027445,0.0911319012593765,0.5778252093027445,0.0911319012593765,0.3300517072185298,1.0,0,False
6290855005,2016-04-27,15,-0.2555191151904624,-0.0590559216135864,-0.2555191151904624,-0.0590559216135864,0.3300517072185298,1.0,1,False
6290855005,2016-04-28,16,-0.0883340851021187,-0.1866224613543149,-0.0883340851021187,-0.1866224613543149,0.3004409475162939,1.0,1,False
6290855005,2016-04-29,17,0.5503984657482203,0.0159473797109012,0.5503984657482203,0.0159473797109012,0.346064701148461,1.0,0,False
6290855005,2016-04-30,18,0.0645470452376932,-0.1613359911348157,0.0645470452376932,-0.1613359911348157,0.3144680177502518,1.0,1,True
6290855005,2016-05-01,19,-0.673153619316172,-0.1473695359412951,-0.673153619316172,-0.1473695359412951,0.2958117081393991,1.0,1,True
6290855005,2016-05-02,20,-0.7529405096566062,-0.0773810356426688,-0.7529405096566062,-0.0773810356426688,0.2766764147296278,1.0,1,True
6290855005,2016-05-03,21,-0.3274760420599876,-0.129328750194676,-0.3274760420599876,-0.129328750194676,0.2895524240926028,1.0,1,True
6290855005,2016-05-04,22,-0.2879106679849205,-0.0046273646849226,-0.2879106679849205,-0.0046273646849226,0.276809205410998,1.0,0,False
6290855005,2016-05-05,23,-0.3534592727958527,-0.0378750268133906,-0.3534592727958527,-0.0378750268133906,0.2010841476771806,1.0,0,False
6290855005,2016-05-06,24,0.1741665338304169,-0.0537474188454005,0.1741665338304169,-0.0537474188454005,0.2387717052933427,1.0,1,False
6290855005,2016-05-07,25,0.3188240153851402,0.0363252814496352,0.3188240153851402,0.0363252814496352,0.1951663700180021,1.0,0,False
6290855005,2016-05-08,26,-0.2233244050530942,0.0642613163232968,-0.2233244050530942,0.0642613163232968,0.1951663700180021,1.0,0,False
6290855005,2016-05-09,27,-0.1338266102962257,0.0884448427657686,-0.1338266102962257,0.0884448427657686,0.2015590696434927,1.0,0,False
6290855005,2016-05-10,28,0.8448532093483474,0.1674756073440478,0.8448532093483474,0.1674756073440478,0.2151005946566287,1.0,0,False
6775888955,2016-04-12,0,,,,,,1.0,0,False
6775888955,2016-04-13,1,,,,,,1.0,0,False
6775888955,2016-04-14,2,,,,,,0.6,0,False
6775888955,2016-04-15,3,,,,,,0.6,0,False
6775888955,2016-04-16,4,,,,,,0.6,0,False
6775888955,2016-04-17,5,,,,,,0.6,0,False
6775888955,2016-04-18,6,,,,,,0.6,0,False
6775888955,2016-04-19,7,,,,,,0.6,0,False
6775888955,2016-04-20,8,,,,,,0.6,0,False
6775888955,2016-04-21,9,,,,,,0.6,0,False
6775888955,2016-04-22,10,,,,,,0.6,0,False
6775888955,2016-04-23,11,,,,,,0.6,0,False
6775888955,2016-04-24,12,,,,,,0.6,0,False
6775888955,2016-04-25,13,,,,,,0.6,0,False
6775888955,2016-04-26,14,,,,,,0.6,0,False
6775888955,2016-04-27,15,,,,,,0.6,0,False
6775888955,2016-04-28,16,,,,,,0.6,0,False
6775888955,2016-04-29,17,,,,,,0.6,0,False
6775888955,2016-04-30,18,,,,,,0.6,0,False
6775888955,2016-05-01,19,,,,,,0.6,0,False
6775888955,2016-05-02,20,,,,,,0.6,0,False
6775888955,2016-05-03,21,,,,,,0.6,0,False
6775888955,2016-05-04,22,,,,,,0.6,0,False
6775888955,2016-05-05,23,,,,,,0.6,0,False
6775888955,2016-05-06,24,,,,,,0.6,0,False
6775888955,2016-05-07,25,,,,,,0.6,0,False
6962181067,2016-04-12,0,0.302361110946417,,0.302361110946417,,,1.0,0,False
6962181067,2016-04-13,1,-5.83845365915999,,-5.83845365915999,,,1.0,0,True
6962181067,2016-04-14,2,0.214579315351822,,0.214579315351822,,,1.0,0,False
6962181067,2016-04-15,3,1.6879259030844789,0.4618549307126872,1.6879259030844789,0.4618549307126872,1.881594890561117,1.0,0,False
6962181067,2016-04-16,4,0.6613142412172998,0.0897382825677206,0.6613142412172998,0.0897382825677206,1.5052759124488937,1.0,0,False
6962181067,2016-04-17,5,0.2480373340724513,-0.0108647553747932,0.2480373340724513,-0.0108647553747932,1.2543965937074113,1.0,0,False
6962181067,2016-04-18,6,-0.133839368329434,-0.0727000798793085,-0.133839368329434,-0.0727000798793085,1.0751970803206383,1.0,1,True
6962181067,2016-04-19,7,-0.2623061275871933,-0.0806667483619443,-0.2623061275871933,-0.0806667483619443,0.9407974452805584,1.0,1,True
6962181067,2016-04-20,8,-0.8933763447013792,0.7064396163512301,-0.8933763447013792,0.7064396163512301,0.8362643958049408,1.0,0,True
6962181067,2016-04-21,9,-0.8857492025214988,-0.1571897882676172,-0.8857492025214988,-0.1571897882676172,0.7534006704424349,1.0,1,True
6962181067,2016-04-22,10,-0.1700692721853954,-0.2654278821814106,-0.1700692721853954,-0.2654278821814106,0.7499715122509503,1.0,1,True
6962181067,2016-04-23,11,-1.6792618499064589,-0.3343680130176798,-1.6792618499064589,-0.3343680130176798,0.6874738862300377,1.0,1,True
6962181067,2016-04-24,12,-0.2082699680797394,-0.0651867574503129,-0.2082699680797394,-0.0651867574503129,0.7477445012759364,1.0,1,True
6962181067,2016-04-25,13,-0.0279728830272972,0.0151237836145909,-0.0279728830272972,0.0151237836145909,0.7072125429742582,1.0,0,False
6962181067,2016-04-26,14,0.1465645545731861,0.0584100974514827,0.1465645545731861,0.0584100974514827,0.7196795028028642,1.0,0,True
6962181067,2016-04-27,15,0.21170780264348,0.1578691639064084,0.21170780264348,0.1578691639064084,0.7243325919507423,1.0,0,False
6962181067,2016-04-28,16,0.1551642011374757,0.1487019148084249,0.1551642011374757,0.1487019148084249,0.2919730937713271,1.0,0,False
6962181067,2016-04-29,17,0.6168944817450212,0.1124233934186309,0.6168944817450212,0.1124233934186309,0.2197147861195334,1.0,0,False
6962181067,2016-04-30,18,0.0912957377706799,0.2529367982395912,0.0912957377706799,0.2529367982395912,0.2197147861195334,1.0,0,True
6962181067,2016-05-01,19,0.824776001650844,0.1475779956757976,0.824776001650844,0.1475779956757976,0.2721062335395451,1.0,0,False
6962181067,2016-05-02,20,-0.1619446955451153,-0.0191388303596883,-0.1619446955451153,-0.0191388303596883,0.2721062335395451,1.0,0,False
6962181067,2016-05-03,21,0.2122483362150331,0.0093833973774067,0.2122483362150331,0.0093833973774067,0.2988343072366985,1.0,0,False
6962181067,2016-05-04,22,0.0600261050034276,-0.0216688139485789,0.0600261050034276,-0.0216688139485789,0.2988343072366985,1.0,0,False
6962181067,2016-05-05,23,-0.3435387082848425,-0.0712432727746168,-0.3435387082848425,-0.0712432727746168,0.2982895113667071,1.0,1,False
6962181067,2016-05-06,24,0.197079155112345,-0.0599736180903823,0.197079155112345,-0.0599736180903823,0.2857850780139274,1.0,1,False
6962181067,2016-05-07,25,1.2834814511463986,0.1703122447679598,1.2834814511463986,0.1703122447679598,0.3633852420163598,1.0,0,False
6962181067,2016-05-08,26,0.5996834596654914,-0.0321560774264789,0.5996834596654914,-0.0321560774264789,0.2583143933144513,1.0,0,False
6962181067,2016-05-09,27,-0.4028502680887292,-0.0344150817919448,-0.4028502680887292,-0.0344150817919448,0.2454360300964197,1.0,0,False
6962181067,2016-05-10,28,-0.9480784063567298,-0.1657609632245375,-0.9480784063567298,-0.1657609632245375,0.2329690702678137,1.0,1,False
6962181067,2016-05-11,29,-0.2284229950366737,-0.041207014291443,-0.2284229950366737,-0.041207014291443,0.2797199390713682,1.0,0,False
6962181067,2016-05-12,30,-0.398454666905675,-0.0078451369458332,-0.398454666905675,-0.0078451369458332,0.2797199390713682,1.0,0,False
7007744171,2016-04-12,0,,,,,,1.0,0,False
7007744171,2016-04-13,1,,,,,,1.0,0,False
7007744171,2016-04-14,2,,,,,,0.6,0,False
7007744171,2016-04-15,3,,,,,,0.6,0,False
7007744171,2016-04-16,4,,,,,,0.6,0,False
7007744171,2016-04-17,5,,,,,,0.6,0,False
7007744171,2016-04-18,6,,,,,,0.6,0,False
7007744171,2016-04-19,7,,,,,,0.6,0,False
7007744171,2016-04-20,8,,,,,,0.6,0,False
7007744171,2016-04-21,9,,,,,,0.6,0,False
7007744171,2016-04-22,10,,,,,,0.6,0,False
7007744171,2016-04-23,11,,,,,,0.6,0,False
7007744171,2016-04-24,12,,,,,,0.6,0,False
7007744171,2016-04-25,13,,,,,,0.6,0,False
7007744171,2016-04-26,14,,,,,,0.6,0,False
7007744171,2016-04-27,15,,,,,,0.6,0,False
7007744171,2016-04-28,16,,,,,,0.6,0,False
7007744171,2016-04-29,17,,,,,,0.6,0,False
7007744171,2016-04-30,18,,,,,,0.6,0,False
7007744171,2016-05-01,19,,,,,,0.6,0,False
7007744171,2016-05-02,20,,,,,,0.6,0,False
7007744171,2016-05-03,21,,,,,,0.6,0,False
7007744171,2016-05-04,22,,,,,,0.6,0,False
7007744171,2016-05-05,23,,,,,,0.6,0,False
7007744171,2016-05-06,24,,,,,,0.6,0,False
7007744171,2016-05-07,25,,,,,,0.6,0,False
7086361926,2016-04-12,0,-0.345543499832417,,-0.345543499832417,,,1.0,0,False
7086361926,2016-04-13,1,4.325405772136623,,4.325405772136623,,,1.0,0,False
7086361926,2016-04-14,2,0.975751394670122,,0.975751394670122,,,1.0,0,False
7086361926,2016-04-15,3,1.5313195770441943,0.6256210256255373,1.5313195770441943,0.6256210256255373,1.3066293635857782,1.0,0,False
7086361926,2016-04-16,4,,0.6256210256255373,,0.6256210256255373,1.0453034908686225,0.92,0,False
7086361926,2016-04-17,5,,0.6256210256255373,,0.6256210256255373,0.8710862423905188,0.8666666666666667,0,False
7086361926,2016-04-18,6,,0.6256210256255373,,0.6256210256255373,0.7466453506204447,0.8285714285714285,0,False
7086361926,2016-04-19,7,,0.6256210256255373,,0.6256210256255373,0.6533146817928891,0.8,0,False
7086361926,2016-04-20,8,,,,,0.5807241615936791,0.7777777777777778,0,False
7086361926,2016-04-21,9,,,,,0.5226517454343113,0.76,0,False
7086361926,2016-04-22,10,,,,,0.4751379503948284,0.7454545454545454,0,False
7086361926,2016-04-23,11,,,,,0.4355431211952594,0.7333333333333334,0,False
7086361926,2016-04-24,12,,,,,0.4020398041802395,0.7230769230769231,0,False
7086361926,2016-04-25,13,,,,,0.3733226753102223,0.7142857142857142,0,False
7086361926,2016-04-26,14,,,,,0.3733226753102223,0.6857142857142857,0,False
7086361926,2016-04-27,15,,,,,,0.6571428571428571,0,False
7086361926,2016-04-28,16,,,,,,0.6285714285714286,0,False
7086361926,2016-04-29,17,,,,,,0.6,0,False
7086361926,2016-04-30,18,,,,,,0.6,0,False
7086361926,2016-05-01,19,,,,,,0.6,0,False
7086361926,2016-05-02,20,,,,,,0.6,0,False
7086361926,2016-05-03,21,,,,,,0.6,0,False
7086361926,2016-05-04,22,,,,,,0.6,0,False
7086361926,2016-05-05,23,,,,,,0.6,0,False
7086361926,2016-05-06,24,,,,,,0.6,0,False
7086361926,2016-05-07,25,,,,,,0.6,0,False
7086361926,2016-05-08,26,,,,,,0.6,0,False
7086361926,2016-05-09,27,,,,,,0.6,0,False
7086361926,2016-05-10,28,,,,,,0.6,0,False
7086361926,2016-05-11,29,,,,,,0.6,0,False
7086361926,2016-05-12,30,,,,,,0.6,0,False
8053475328,2016-04-12,0,,,,,,1.0,0,False
8053475328,2016-04-13,1,,,,,,1.0,0,False
8053475328,2016-04-14,2,,,,,,0.6,0,False
8053475328,2016-04-15,3,,,,,,0.6,0,False
8053475328,2016-04-16,4,,,,,,0.6,0,False
8053475328,2016-04-17,5,,,,,,0.6,0,False
8053475328,2016-04-18,6,,,,,,0.6,0,False
8053475328,2016-04-19,7,,,,,,0.6,0,False
8053475328,2016-04-20,8,,,,,,0.6,0,False
8053475328,2016-04-21,9,,,,,,0.6,0,False
8053475328,2016-04-22,10,,,,,,0.6,0,False
8053475328,2016-04-23,11,,,,,,0.6,0,False
8053475328,2016-04-24,12,,,,,,0.6,0,False
8053475328,2016-04-25,13,,,,,,0.6,0,False
8053475328,2016-04-26,14,,,,,,0.6,0,False
8053475328,2016-04-27,15,,,,,,0.6,0,False
8053475328,2016-04-28,16,,,,,,0.6,0,False
8053475328,2016-04-29,17,,,,,,0.6,0,False
8053475328,2016-04-30,18,,,,,,0.6,0,False
8053475328,2016-05-01,19,,,,,,0.6,0,False
8053475328,2016-05-02,20,,,,,,0.6,0,False
8053475328,2016-05-03,21,,,,,,0.6,0,False
8053475328,2016-05-04,22,,,,,,0.6,0,False
8053475328,2016-05-05,23,,,,,,0.6,0,False
8053475328,2016-05-06,24,,,,,,0.6,0,False
8053475328,2016-05-07,25,,,,,,0.6,0,False
8053475328,2016-05-08,26,,,,,,0.6,0,False
8053475328,2016-05-09,27,,,,,,0.6,0,False
8053475328,2016-05-10,28,,,,,,0.6,0,False
8053475328,2016-05-11,29,,,,,,0.6,0,False
8053475328,2016-05-12,30,,,,,,0.6,0,False
8253242879,2016-04-12,0,-0.203006852052364,,-0.203006852052364,,,1.0,0,True
8253242879,2016-04-13,1,0.4209336563807673,,0.4209336563807673,,,1.0,0,False
8253242879,2016-04-14,2,1.1575256686005184,,1.1575256686005184,,,1.0,0,False
8253242879,2016-04-15,3,1.5233665006434087,0.5754577842319243,1.5233665006434087,0.5754577842319243,0.4315933381739432,1.0,0,False
8253242879,2016-04-16,4,0.054169647054991,0.0642941247768387,0.054169647054991,0.0642941247768387,0.3452746705391545,1.0,0,False
8253242879,2016-04-17,5,-0.4060581037381153,-0.0406102503371502,-0.4060581037381153,-0.0406102503371502,0.2877288921159621,1.0,0,False
8253242879,2016-04-18,6,0.1720339191199742,0.0625067951953897,0.1720339191199742,0.0625067951953897,0.3292093393648374,1.0,0,False
8253242879,2016-04-19,7,0.263376740364123,0.0666262274880695,0.263376740364123,0.0666262274880695,0.2994760245997513,1.0,0,True
8253242879,2016-04-20,8,-0.0518564680419526,-0.0675414463461028,-0.0518564680419526,-0.0675414463461028,0.2662009107553346,1.0,1,False
8253242879,2016-04-21,9,-0.6637200667614708,-0.2601779621945698,-0.6637200667614708,-0.2601779621945698,0.2395808196798011,1.0,1,True
8253242879,2016-04-22,10,0.6065440200023453,-0.1309746400915804,0.6065440200023453,-0.1309746400915804,0.3332792985056206,1.0,0,False
8253242879,2016-04-23,11,-0.2155811633192562,-0.0385358300534638,-0.2155811633192562,-0.0385358300534638,0.3055060236301523,1.0,0,True
8253242879,2016-04-24,12,-0.5461741316905862,-0.0200165754217815,-0.5461741316905862,-0.0200165754217815,0.2820055602739867,1.0,0,False
8253242879,2016-04-25,13,-0.2413465637791064,-0.0590543546998686,-0.2413465637791064,-0.0590543546998686,0.2836357036766647,1.0,1,False
8253242879,2016-04-26,14,0.3221099157753029,0.0083904536301685,0.3221099157753029,0.0083904536301685,0.3238825950734083,1.0,0,False
8253242879,2016-04-27,15,-0.2569450764899348,-0.029298372635426,-0.2569450764899348,-0.029298372635426,0.2793154158996132,1.0,0,False
8253242879,2016-04-28,16,0.354500704924829,0.1454601102408999,0.354500704924829,0.1454601102408999,0.2703763994135427,1.0,0,False
8253242879,2016-04-29,17,0.3765455417661527,-0.0328569254623132,0.3765455417661527,-0.0328569254623132,0.2458195426134307,1.0,0,False
8253242879,2016-04-30,18,1.1067310219796709,0.1889017407569895,1.1067310219796709,0.1889017407569895,0.2979756483429678,1.0,0,False
8378563200,2016-04-12,0,0.4225910445766289,,0.4225910445766289,,,1.0,0,False
8378563200,2016-04-13,1,-4.866882154622575,,-4.866882154622575,,,1.0,0,True
8378563200,2016-04-14,2,-2.4806418208877243,,-2.4806418208877243,,,1.0,0,True
8378563200,2016-04-15,3,-2.697363577647136,-1.0399848740745885,-2.697363577647136,-1.0399848740745885,0.5965600834337126,1.0,1,True
8378563200,2016-04-16,4,-2.5193491071737784,-0.7354850379376019,-2.5193491071737784,-0.7354850379376019,0.5128509608416416,1.0,1,True
8378563200,2016-04-17,5,-0.4543894373435733,-0.1753960963840405,-0.4543894373435733,-0.1753960963840405,0.7715357456730688,1.0,1,True
8378563200,2016-04-18,6,-0.5126868375831747,-0.1558796470266339,-0.5126868375831747,-0.1558796470266339,0.6613163534340589,1.0,1,True
8378563200,2016-04-19,7,0.2489893735043482,-0.0248002387246115,0.2489893735043482,-0.0248002387246115,0.673861335640742,1.0,0,False
8378563200,2016-04-20,8,0.8500513706882722,0.8167047893301209,0.8500513706882722,0.8167047893301209,0.6657725202566511,1.0,0,False
8378563200,2016-04-21,9,0.381718079112982,0.4089085571429581,0.381718079112982,0.4089085571429581,0.599195268230986,1.0,0,False
8378563200,2016-04-22,10,0.0419111232853418,0.3913249572760682,0.0419111232853418,0.3913249572760682,0.5447229711190782,1.0,0,False
8378563200,2016-04-23,11,-0.5348787880787871,0.283495759870713,-0.5348787880787871,0.283495759870713,0.4993293901924883,1.0,0,True
8378563200,2016-04-24,12,0.4549429881693916,0.1299046322161378,0.4549429881693916,0.1299046322161378,0.5370595737352337,1.0,0,True
8378563200,2016-04-25,13,0.0499584783650241,0.0803779022783141,0.0143561646642744,-0.0335190298342962,0.4986981756112884,0.9198216274262728,0,True
8378563200,2016-04-25,14,0.0143561646642744,-0.0335190298342962,0.0143561646642744,-0.0335190298342962,0.4986981756112884,0.9198216274262728,0,True
8378563200,2016-04-26,15,-1.1310875291980178,-0.2830198428408986,-1.1310875291980178,-0.2830198428408986,0.4986981756112884,0.9198216274262728,1,True
8378563200,2016-04-27,16,-0.5750032023912601,-0.1366744687863203,-0.5750032023912601,-0.1366744687863203,0.3679727465449962,0.9198216274262728,1,True
8378563200,2016-04-28,17,-0.2584111635246637,-0.0429031838300007,-0.2584111635246637,-0.0429031838300007,0.3905864636068959,0.9198216274262728,0,True
8378563200,2016-04-29,18,-0.4005563621794186,0.019188917985624,-0.4005563621794186,0.019188917985624,0.3778711442873703,0.9198216274262728,0,True
8378563200,2016-04-30,19,0.7289121916096593,0.0391384576343239,0.7289121916096593,0.0391384576343239,0.3110503502844326,0.9198216274262728,0,False
8378563200,2016-05-01,20,0.1438663511553238,0.0134154103986142,0.1438663511553238,0.0134154103986142,0.3110503502844326,0.9198216274262728,0,False
8378563200,2016-05-02,21,1.487393266011685,0.2104338716210586,1.487393266011685,0.2104338716210586,0.3526111148393497,0.9198216274262728,0,False
8378563200,2016-05-03,22,0.5715162486274519,0.2432291111179242,0.5715162486274519,0.2432291111179242,0.3096781150404979,0.9198216274262728,0,True
8378563200,2016-05-04,23,0.2766406472242667,0.1216634070879324,0.2766406472242667,0.1216634070879324,0.3096781150404979,0.9198216274262728,0,False
8378563200,2016-05-05,24,0.4540355680338301,0.1017781045083562,0.4540355680338301,0.1017781045083562,0.3223491808126096,0.9198216274262728,0,False
8378563200,2016-05-06,25,0.812040448368532,0.1732281157925643,0.812040448368532,0.1732281157925643,0.3479209579793741,0.9198216274262728,0,False
8378563200,2016-05-07,26,0.6355029944722008,-0.0133441710196369,0.6355029944722008,-0.0133441710196369,0.2772194025330756,0.9198216274262728,0,False
8378563200,2016-05-08,27,-0.1292047727410643,-0.0390101605566268,-0.1292047727410643,-0.0390101605566268,0.2772194025330756,0.9198216274262728,0,False
8378563200,2016-05-09,28,0.4224947939787276,-0.1521283531475653,0.4224947939787276,-0.1521283531475653,0.3166265144416321,1.0,1,False
8378563200,2016-05-10,29,0.7068013832972521,0.0193264478099714,0.7068013832972521,0.0193264478099714,0.3369341279643839,1.0,0,False
8378563200,2016-05-11,30,0.2350688727898608,-0.0059388249192008,0.2350688727898608,-0.0059388249192008,0.2972138189067584,1.0,0,False
8378563200,2016-05-12,31,-0.0985037673929944,-0.0789341907752606,-0.0985037673929944,-0.0789341907752606,0.2746001018448586,1.0,1,False
8583815059,2016-04-12,0,0.1605445313730875,,0.1605445313730875,,,1.0,0,False
8583815059,2016-04-13,1,-0.1669359675305275,,-0.1669359675305275,,,1.0,0,True
8583815059,2016-04-14,2,0.7819564161306097,,0.7819564161306097,,,1.0,0,False
8583815059,2016-04-15,3,0.6467384246735268,0.1620646311001464,0.6467384246735268,0.1620646311001464,0.2372230959152843,1.0,0,False
8583815059,2016-04-16,4,0.2168908730493447,0.0140865854190643,0.2168908730493447,0.0140865854190643,0.1897784767322274,1.0,0,False
8583815059,2016-04-17,5,0.462170533078702,0.0603252003411229,0.462170533078702,0.0603252003411229,0.1990286739484157,1.0,0,False
8583815059,2016-04-18,6,0.362500637968046,0.0336593510991597,0.362500637968046,0.0336593510991597,0.1705960062414992,1.0,0,False
8583815059,2016-04-19,7,0.0843700392021725,-0.0108820703101307,0.0843700392021725,-0.0108820703101307,0.1492715054613118,1.0,0,False
8583815059,2016-04-20,8,-0.0329048724058713,0.0191472993035223,-0.0329048724058713,0.0191472993035223,0.1326857826322771,1.0,0,False
8583815059,2016-04-21,9,-0.427704073507806,-0.1728086413769165,-0.427704073507806,-0.1728086413769165,0.1194172043690494,1.0,1,True
8583815059,2016-04-22,10,-0.5241256207612943,-0.1672662922049744,-0.5241256207612943,-0.1672662922049744,0.108561094880954,1.0,1,False
8583815059,2016-04-23,11,-0.7464941395130028,-0.1376264303660496,-0.7464941395130028,-0.1376264303660496,0.0995143369742078,1.0,1,True
8583815059,2016-04-24,12,-0.5232988353904087,-0.14078133835273,-0.5232988353904087,-0.14078133835273,0.1090282575240837,1.0,1,True
8583815059,2016-04-25,13,0.1369352157822468,-0.0322236317408284,0.1369352157822468,-0.0322236317408284,0.1484000999275531,1.0,0,True
8583815059,2016-04-26,14,-0.3749735398535547,-0.0656205112936753,-0.3749735398535547,-0.0656205112936753,0.1484000999275531,1.0,1,True
8583815059,2016-04-27,15,-0.5808430972040377,-0.0782768892568809,-0.5808430972040377,-0.0782768892568809,0.1484000999275531,1.0,1,True
8583815059,2016-04-28,16,0.0610363187349603,0.0698200560346809,0.0610363187349603,0.0698200560346809,0.1264706022331146,1.0,0,False
8583815059,2016-04-29,17,-0.9711960303114328,-0.0638672013643055,-0.9711960303114328,-0.0638672013643055,0.1264706022331146,0.9785714285714284,1,True
8583815059,2016-04-30,18,-0.623725698440631,0.0175383487246245,-0.623725698440631,0.0175383487246245,0.1512899116524576,0.9785714285714284,0,True
8583815059,2016-05-01,19,0.1626574273209059,0.097993751815902,0.1626574273209059,0.097993751815902,0.1899401592047561,0.9785714285714284,0,False
8583815059,2016-05-02,20,0.2392361256731428,0.0146144156986994,0.2392361256731428,0.0146144156986994,0.1954100662299159,0.9785714285714284,0,False
8583815059,2016-05-03,21,-0.2172228910886063,0.0225358069664212,-0.2172228910886063,0.0225358069664212,0.1954100662299159,0.9785714285714284,0,False
8583815059,2016-05-04,22,0.5534329396178648,0.1620394338317003,0.5534329396178648,0.1620394338317003,0.2504569112803781,0.9785714285714284,0,False
8583815059,2016-05-05,23,-0.1322844739863053,-0.0276172561030379,-0.1322844739863053,-0.0276172561030379,0.2504569112803781,0.9785714285714284,0,True
8583815059,2016-05-06,24,0.1322684716888043,0.1576377860000339,0.1322684716888043,0.1576377860000339,0.2693535502571716,0.9785714285714284,0,False
8583815059,2016-05-07,25,0.0799421442158748,0.1005239775223579,0.0799421442158748,0.1005239775223579,0.2693535502571716,0.9785714285714284,0,False
8583815059,2016-05-08,26,-0.0142746420485853,-0.0252760099099273,-0.0142746420485853,-0.0252760099099273,0.2534110285341293,0.9785714285714284,0,False
8583815059,2016-05-09,27,-0.1699123948657153,-0.0584497886484082,-0.1699123948657153,-0.0584497886484082,0.2062514534503681,0.9785714285714284,1,False
8583815059,2016-05-10,28,-0.3012426577788124,-0.0120028238128865,-0.3012426577788124,-0.0120028238128865,0.2062514534503681,0.9785714285714284,0,False
8583815059,2016-05-11,29,-0.0622098205517009,-0.0879489657385093,-0.0622098205517009,-0.0879489657385093,0.223325227538019,0.9785714285714284,1,False
8583815059,2016-05-12,30,0.7740927686030767,0.1294824632270545,0.7740927686030767,0.1294824632270545,0.2372125970534318,0.9785714285714284,0,False
8792009665,2016-04-12,0,-0.1615892824609756,,-0.1615892824609756,,,1.0,0,False
8792009665,2016-04-13,1,-1.3229148936453186,,-1.3229148936453186,,,1.0,0,False
8792009665,2016-04-14,2,0.007351972867062,,0.007351972867062,,,1.0,0,False
8792009665,2016-04-15,3,1.1180007628464017,0.4265300151024591,1.1180007628464017,0.4265300151024591,0.61022891412293,1.0,0,False
8792009665,2016-04-16,4,,0.4265300151024591,,0.4265300151024591,0.488183131298344,0.92,0,False
8792009665,2016-04-17,5,,0.4265300151024591,,0.4265300151024591,0.4068192760819533,0.8666666666666667,0,False
8792009665,2016-04-18,6,,0.4265300151024591,,0.4265300151024591,0.3487022366416742,0.8285714285714285,0,False
8792009665,2016-04-19,7,,0.4265300151024591,,0.4265300151024591,0.305114457061465,0.8,0,False
8792009665,2016-04-20,8,,,,,0.2712128507213022,0.7777777777777778,0,False
8792009665,2016-04-21,9,,,,,0.244091565649172,0.76,0,False
8792009665,2016-04-22,10,,,,,0.2219014233174291,0.7454545454545454,0,False
8792009665,2016-04-23,11,,,,,0.2034096380409766,0.7333333333333334,0,False
8792009665,2016-04-24,12,,,,,0.1877627428070554,0.7230769230769231,0,False
8792009665,2016-04-25,13,,,,,0.1743511183208371,0.7142857142857142,0,False
8792009665,2016-04-26,14,,,,,0.1743511183208371,0.6857142857142857,0,False
8792009665,2016-04-27,15,,,,,,0.6571428571428571,0,False
8792009665,2016-04-28,16,,,,,,0.6285714285714286,0,False
8792009665,2016-04-29,17,,,,,,0.6,0,False
8792009665,2016-04-30,18,,,,,,0.6,0,False
8792009665,2016-05-01,19,,,,,,0.6,0,False
8792009665,2016-05-02,20,,,,,,0.6,0,False
8792009665,2016-05-03,21,-0.39923513049156,,-0.39923513049156,,,0.6285714285714286,0,False
8792009665,2016-05-04,22,0.315671423441733,,0.315671423441733,,,0.6571428571428571,0,False
8792009665,2016-05-05,23,,,,,,0.6571428571428571,0,False
8792009665,2016-05-06,24,,,,,,0.6571428571428571,0,False
8792009665,2016-05-07,25,,,,,,0.6571428571428571,0,False
8792009665,2016-05-08,26,,,,,,0.6571428571428571,0,False
8792009665,2016-05-09,27,,,,,,0.6571428571428571,0,False
8792009665,2016-05-10,28,,,,,,0.6571428571428571,0,False
8877689391,2016-04-12,0,-0.3068880303003983,,-0.3068880303003983,,,1.0,0,True
8877689391,2016-04-13,1,2.3897534736260257,,2.3897534736260257,,,1.0,0,False
8877689391,2016-04-14,2,0.0906381208190904,,0.0906381208190904,,,1.0,0,False
8877689391,2016-04-15,3,0.8188885078561706,0.3752588460521897,0.8188885078561706,0.3752588460521897,0.8562229727408761,1.0,0,False
8877689391,2016-04-16,4,-0.8821661113592341,-0.1438195202647089,-0.8821661113592341,-0.1438195202647089,0.6849783781927009,1.0,1,True
8877689391,2016-04-17,5,0.0918191254272886,0.0797414311455374,0.0918191254272886,0.0797414311455374,0.7331461879583379,1.0,0,False
8877689391,2016-04-18,6,0.4938545668689885,0.1334570995282311,0.4938545668689885,0.1334570995282311,0.6858446527416753,1.0,0,False
8877689391,2016-04-19,7,-0.0387355658062495,0.0383074949277355,-0.0387355658062495,0.0383074949277355,0.6001140711489659,1.0,0,True
8877689391,2016-04-20,8,-0.0527358386161618,-0.3489270446060267,-0.0527358386161618,-0.3489270446060267,0.5334347299101918,1.0,1,False
8877689391,2016-04-21,9,-0.173112417408138,-0.0376786483181754,-0.173112417408138,-0.0376786483181754,0.4800912569191727,1.0,0,True
8877689391,2016-04-22,10,0.0782590452440683,-0.105804208944586,0.0782590452440683,-0.105804208944586,0.4592985483494484,1.0,1,True
8877689391,2016-04-23,11,0.1809312913186017,0.1518710575254051,0.1809312913186017,0.1518710575254051,0.4295796898265389,1.0,0,False
8877689391,2016-04-24,12,-0.0153409381583975,-0.0153085805122408,-0.0153409381583975,-0.0153085805122408,0.3965350983014205,1.0,0,True
8877689391,2016-04-25,13,0.4760321336907259,-0.0025460618826089,0.4760321336907259,-0.0025460618826089,0.4033092392691135,1.0,0,True
8877689391,2016-04-26,14,0.6513039539528567,0.0985770742513009,0.6513039539528567,0.0985770742513009,0.4158286550021229,1.0,0,True
8877689391,2016-04-27,15,-0.328360841358546,-0.0393750003917691,-0.328360841358546,-0.0393750003917691,0.223211404721664,1.0,0,True
8877689391,2016-04-28,16,-0.0491820883860384,0.0177043327174428,-0.0491820883860384,0.0177043327174428,0.2431527442197003,1.0,0,True
8877689391,2016-04-29,17,0.2421502756453808,0.0234130329144732,0.2421502756453808,0.0234130329144732,0.2119443140050102,1.0,0,False
8877689391,2016-04-30,18,-0.830094544543226,-0.1444322622659753,-0.830094544543226,-0.1444322622659753,0.2119443140050102,1.0,1,True
8877689391,2016-05-01,19,0.0774752876404459,0.0132594608284062,0.0774752876404459,0.0132594608284062,0.207200356533378,1.0,0,False
8877689391,2016-05-02,20,0.8210787345841017,0.0492923715561965,0.8210787345841017,0.0492923715561965,0.2315980712120891,1.0,0,False
8877689391,2016-05-03,21,0.8409196120018302,0.0270879511498534,0.8409196120018302,0.0270879511498534,0.2330152767419269,1.0,0,False
8877689391,2016-05-04,22,0.0243086074604721,0.0503813498312883,0.0243086074604721,0.0503813498312883,0.2330152767419269,1.0,0,False
8877689391,2016-05-05,23,0.152350979800207,0.0287904383123208,0.152350979800207,0.0287904383123208,0.2421611604804794,1.0,0,True
8877689391,2016-05-06,24,-0.2613978800737123,-0.0719354508170132,-0.2613978800737123,-0.0719354508170132,0.2242060560053218,1.0,1,False
8877689391,2016-05-07,25,-0.2843523150948723,0.0779631756354791,-0.2843523150948723,0.0779631756354791,0.2168723241428551,1.0,0,False
8877689391,2016-05-08,26,-0.0304255879267463,-0.0154144107953131,-0.0304255879267463,-0.0154144107953131,0.235009947512007,1.0,0,False
8877689391,2016-05-09,27,-0.3030980791486353,-0.1605966876761052,-0.3030980791486353,-0.1605966876761052,0.1999118709513553,1.0,1,False
8877689391,2016-05-10,28,0.4542264940611769,-0.0552418739915218,0.4542264940611769,-0.0552418739915218,0.2414870675904754,1.0,1,False
8877689391,2016-05-11,29,-0.3169480422811405,-0.0487509499630874,-0.3169480422811405,-0.0487509499630874,0.2414870675904754,1.0,0,False
8877689391,2016-05-12,30,0.5869606756171171,0.0620870994024157,0.5869606756171171,0.0620870994024157,0.2861106365137433,1.0,0,False
