asset_id,date,HSI,HDR,recovery_margin,observability_score
1503960366,2016-04-12,-0.0028021405794481,,,1.0
1503960366,2016-04-13,0.4527900163137072,,,1.0
1503960366,2016-04-14,,,,0.8666666666666667
1503960366,2016-04-15,,,,0.8
1503960366,2016-04-16,,,,0.76
1503960366,2016-04-17,,,,0.7333333333333334
1503960366,2016-04-18,,,,0.7142857142857142
1503960366,2016-04-19,,,,0.7
1503960366,2016-04-20,,,,0.6888888888888889
1503960366,2016-04-21,,,,0.6799999999999999
1503960366,2016-04-22,,,,0.6727272727272726
1503960366,2016-04-23,,,,0.6666666666666666
1503960366,2016-04-24,,,,0.6615384615384615
1503960366,2016-04-25,,,,0.6571428571428571
1503960366,2016-04-26,,,,0.6285714285714286
1503960366,2016-04-27,,,,0.6
1503960366,2016-04-28,,,,0.6
1503960366,2016-04-29,,,,0.6
1503960366,2016-04-30,,,,0.6
1503960366,2016-05-01,,,,0.6
1503960366,2016-05-02,,,,0.6
1503960366,2016-05-03,,,,0.6
1503960366,2016-05-04,,,,0.6
1503960366,2016-05-05,,,,0.6
1503960366,2016-05-06,,,,0.6
1503960366,2016-05-07,,,,0.6
1503960366,2016-05-08,,,,0.6
1503960366,2016-05-09,,,,0.6
1503960366,2016-05-10,,,,0.6
1503960366,2016-05-11,0.0748523054993308,,,0.6285714285714286
1503960366,2016-05-12,,,,0.6285714285714286
1624580081,2016-04-12,-0.0979066592349346,,,1.0
1624580081,2016-04-13,0.2763821225383872,,,1.0
1624580081,2016-04-14,-0.2698334266411923,,,1.0
1624580081,2016-04-15,0.6773138871232769,0.2584068487860705,0.33035902388444777,1.0
1624580081,2016-04-16,0.3291217107227315,0.10675709248941655,0.2642872191075582,1.0
1624580081,2016-04-17,0.1642573776178843,0.05243280737056379,0.2202393492562985,1.0
1624580081,2016-04-18,-0.2113305682876741,-0.018903984842123245,0.1887765850768273,1.0
1624580081,2016-04-19,0.1625130170540402,0.037202810898424976,0.21190996010993818,1.0
1624580081,2016-04-20,0.0758919568042183,-0.028641452247738414,0.1883644089866117,1.0
1624580081,2016-04-21,-0.1303857625408484,0.019921094871477696,0.16952796808795054,1.0
1624580081,2016-04-22,0.163079630694268,-0.07346203663271555,0.1807950067376929,1.0
1624580081,2016-04-23,-0.0878087947180182,-0.059561500777249955,0.16572875617621846,1.0
1624580081,2016-04-24,0.0177634681772791,-0.020927701348657877,0.16110133361614762,1.0
1624580081,2016-04-25,-0.183627208520823,0.003957622823835882,0.14959409550070848,1.0
1624580081,2016-04-26,0.159558531644281,-0.00042206934425130315,0.17410736265535875,1.0
1624580081,2016-04-27,-0.1224835258798146,-0.028339354669147547,0.1473724496715501,1.0
1624580081,2016-04-28,0.1956093245037735,0.04657072672066028,0.1700933675560921,1.0
1624580081,2016-04-29,0.3705614040248189,0.02964025333293585,0.11493656511013324,1.0
1624580081,2016-04-30,0.0421582090092287,0.018566714818178127,0.11493656511013324,1.0
1624580081,2016-05-01,-2.1347713967459008,-0.3075049807033114,0.11493656511013324,0.9785714285714285
1624580081,2016-05-02,-0.7856744374642757,-0.0860067469919218,0.21130063363024934,0.9785714285714285
1624580081,2016-05-03,-0.0915120195809354,-0.03586722160360234,0.2341805502403655,0.9785714285714285
1624580081,2016-05-04,0.1598721927665499,0.040336531235194935,0.25213656540804297,0.9785714285714285
1624580081,2016-05-05,0.5599014227673624,0.052041728323369854,0.2807100818366725,0.9785714285714285
1624580081,2016-05-06,1.0357759357529508,0.09503064738973313,0.2937393046759919,0.9785714285714285
1624580081,2016-05-07,1.2828801914965726,0.177245997498192,0.3113896086576792,0.9785714285714285
1624580081,2016-05-08,0.2115655693366165,0.33519099515464534,0.3038487327365866,0.9785714285714285
1624580081,2016-05-09,0.1522734991270667,0.1339925623701918,0.3038487327365866,0.9785714285714285
1624580081,2016-05-10,0.0864856082563341,0.025428232548181384,0.2793354655819362,0.9785714285714285
1624580081,2016-05-11,0.0641043694673368,-0.013681117614173273,0.2793354655819362,0.9785714285714285
1624580081,2016-05-12,0.0582561072521287,-0.07166361650217622,0.25661454769739417,0.9785714285714285
1644430081,2016-04-12,,,,1.0
1644430081,2016-04-13,,,,1.0
1644430081,2016-04-14,,,,0.6
1644430081,2016-04-15,,,,0.6
1644430081,2016-04-16,,,,0.6
1644430081,2016-04-17,,,,0.6
1644430081,2016-04-18,,,,0.6
1644430081,2016-04-19,,,,0.6
1644430081,2016-04-20,,,,0.6
1644430081,2016-04-21,,,,0.6
1644430081,2016-04-22,,,,0.6
1644430081,2016-04-23,,,,0.6
1644430081,2016-04-24,,,,0.6
1644430081,2016-04-25,,,,0.6
1644430081,2016-04-26,,,,0.6
1644430081,2016-04-27,,,,0.6
1644430081,2016-04-28,,,,0.6
1644430081,2016-04-29,,,,0.6
1644430081,2016-04-30,,,,0.6
1644430081,2016-05-01,,,,0.6
1644430081,2016-05-02,,,,0.6
1644430081,2016-05-03,,,,0.6
1644430081,2016-05-04,,,,0.6
1644430081,2016-05-05,,,,0.6
1644430081,2016-05-06,,,,0.6
1644430081,2016-05-07,,,,0.6
1644430081,2016-05-08,,,,0.6
1644430081,2016-05-09,,,,0.6
1644430081,2016-05-10,,,,0.6
1644430081,2016-05-11,,,,0.6
1844505072,2016-04-12,,,,1.0
1844505072,2016-04-13,,,,1.0
1844505072,2016-04-14,,,,0.6
1844505072,2016-04-15,,,,0.6
1844505072,2016-04-16,,,,0.6
1844505072,2016-04-17,,,,0.6
1844505072,2016-04-18,,,,0.6
1844505072,2016-04-19,,,,0.6
1844505072,2016-04-20,,,,0.6
1844505072,2016-04-21,,,,0.6
1844505072,2016-04-22,,,,0.6
1844505072,2016-04-23,,,,0.6
1844505072,2016-04-24,,,,0.6
1844505072,2016-04-25,,,,0.6
1844505072,2016-04-26,,,,0.6
1844505072,2016-04-27,,,,0.6
1844505072,2016-04-28,,,,0.6
1844505072,2016-04-29,,,,0.6
1844505072,2016-04-30,,,,0.6
1844505072,2016-05-01,,,,0.6
1844505072,2016-05-02,,,,0.6
1844505072,2016-05-03,,,,0.6
1844505072,2016-05-04,,,,0.6
1844505072,2016-05-05,,,,0.6
1844505072,2016-05-06,,,,0.6
1844505072,2016-05-07,,,,0.6
1844505072,2016-05-08,,,,0.6
1844505072,2016-05-09,,,,0.6
1844505072,2016-05-10,,,,0.6
1844505072,2016-05-11,,,,0.6
1844505072,2016-05-12,,,,0.6
1927972279,2016-04-12,-0.3303361210984976,,,1.0
1927972279,2016-04-13,3.415150011531703,,,1.0
1927972279,2016-04-14,,,,0.8666666666666667
1927972279,2016-04-15,,,,0.8
1927972279,2016-04-16,,,,0.76
1927972279,2016-04-17,,,,0.7333333333333334
1927972279,2016-04-18,,,,0.7142857142857142
1927972279,2016-04-19,,,,0.7
1927972279,2016-04-20,,,,0.6888888888888889
1927972279,2016-04-21,,,,0.6799999999999999
1927972279,2016-04-22,,,,0.6727272727272726
1927972279,2016-04-23,,,,0.6666666666666666
1927972279,2016-04-24,,,,0.6615384615384615
1927972279,2016-04-25,,,,0.6571428571428571
1927972279,2016-04-26,,,,0.6285714285714286
1927972279,2016-04-27,,,,0.6
1927972279,2016-04-28,,,,0.6
1927972279,2016-04-29,,,,0.6
1927972279,2016-04-30,,,,0.6
1927972279,2016-05-01,,,,0.6
1927972279,2016-05-02,,,,0.6
1927972279,2016-05-03,,,,0.6
1927972279,2016-05-04,,,,0.6
1927972279,2016-05-05,,,,0.6
1927972279,2016-05-06,,,,0.6
1927972279,2016-05-07,,,,0.6
1927972279,2016-05-08,,,,0.6
1927972279,2016-05-09,,,,0.6
1927972279,2016-05-10,,,,0.6
1927972279,2016-05-11,,,,0.6
1927972279,2016-05-12,,,,0.6
2022484408,2016-04-12,-0.044919468219217,,,1.0
2022484408,2016-04-13,-0.1510828318032595,,,1.0
2022484408,2016-04-14,0.4300101763377517,,,1.0
2022484408,2016-04-15,0.2704445033535482,0.10512132385758839,0.1452732520352528,1.0
2022484408,2016-04-16,0.3962106826463556,0.11028253771639315,0.1413718374867637,1.0
2022484408,2016-04-17,-0.5248277470247997,-0.09598165576111654,0.1178098645723031,1.0
2022484408,2016-04-18,-0.5209178714699848,-0.0793330672084613,0.10153843756980478,1.0
2022484408,2016-04-19,-0.2280334577567936,-0.026159141362510945,0.12545668458772807,1.0
2022484408,2016-04-20,-0.7412380230354421,-0.08430788446174035,0.1115170529668694,1.0
2022484408,2016-04-21,-0.3350206561673063,-0.10929011892929401,0.14098708435699603,1.0
2022484408,2016-04-22,-0.2350917182970917,-0.0722194602358057,0.13725452558547044,1.0
2022484408,2016-04-23,1.119092344164712,0.10326880878833664,0.2386653203251649,0.975
2022484408,2016-04-24,0.1505297779092908,0.09647964641915578,0.22030644953092143,0.9769230769230769
2022484408,2016-04-25,0.2283933019137784,0.1070444533405376,0.21013195485046188,0.9785714285714285
2022484408,2016-04-26,0.4815332517013159,0.10136667277972992,0.228213379835286,0.9785714285714285
2022484408,2016-04-27,0.2678705761659821,0.1441583713144892,0.228213379835286,0.9785714285714285
2022484408,2016-04-28,0.1872683580086343,0.07461271631084865,0.18670673639664231,0.9785714285714285
2022484408,2016-04-29,-0.0075129139362489,0.03251125776583468,0.18670673639664231,0.9785714285714285
2022484408,2016-04-30,-0.9030213703092788,-0.28887338778199867,0.17772343787572753,0.9785714285714285
2022484408,2016-05-01,-0.2404355117660872,-0.055852184239339735,0.22505099920024121,0.9785714285714285
2022484408,2016-05-02,-0.1295517972844321,-0.05113501417117293,0.23269198769501548,0.9785714285714285
2022484408,2016-05-03,-0.2247158526447924,-0.10089272919230119,0.21177167242978756,0.9785714285714285
2022484408,2016-05-04,-0.0521335894023608,-0.04571488079547755,0.2240989769471041,0.9785714285714285
2022484408,2016-05-05,0.1012110173516871,-0.012293905808135318,0.20603663693895494,0.9785714285714285
2022484408,2016-05-06,0.5555670570530234,0.08043999585561033,0.2313528584983208,0.9785714285714285
2022484408,2016-05-07,0.6842856822374508,0.22675815036381852,0.1438196129785082,1.0
2022484408,2016-05-08,1.4710256757103028,0.24449445535377004,0.20001532679799766,1.0
2022484408,2016-05-09,0.23418241150519,0.051962029827088925,0.19445364651196279,0.9785714285714285
2022484408,2016-05-10,-0.1075977124493091,0.01673116288506909,0.17637222152713875,0.9785714285714285
2022484408,2016-05-11,-0.5243468056125902,-0.06745903088717557,0.17637222152713875,0.9785714285714285
2022484408,2016-05-12,-0.2291022164505927,-0.04718760482889708,0.19746112075299563,0.9785714285714285
2026352035,2016-04-12,0.1155888940640709,,,1.0
2026352035,2016-04-13,-1.598241276770433,,,1.0
2026352035,2016-04-14,-0.5947068119257519,,,1.0
2026352035,2016-04-15,-0.0573386530074291,-0.057642515690499975,0.385225655940751,1.0
2026352035,2016-04-16,0.295652397784386,0.0450158759300788,0.37877873491096375,1.0
2026352035,2016-04-17,1.6627223205312092,0.3094266852934277,0.543493932883607,1.0
2026352035,2016-04-18,,0.3094266852934277,0.46585194247166317,0.9428571428571428
2026352035,2016-04-19,,0.3094266852934277,0.4076204496627053,0.9
2026352035,2016-04-20,,0.8152408993254106,0.3623292885890713,0.8666666666666667
2026352035,2016-04-21,,0.7524763774856537,0.32609635973016426,0.84
2026352035,2016-04-22,,,0.29645123611833113,0.8181818181818181
2026352035,2016-04-23,,,0.2717469664418035,0.8
2026352035,2016-04-24,,,0.2508433536385879,0.7846153846153846
2026352035,2016-04-25,-0.6939234823671053,,0.23292597123583159,0.8
2026352035,2016-04-26,,,0.23292597123583159,0.7714285714285715
2026352035,2016-04-27,,,0.23292597123583159,0.7428571428571429
2026352035,2016-04-28,,,0.16124493803264006,0.7142857142857142
2026352035,2016-04-29,,,,0.6857142857142857
2026352035,2016-04-30,,,,0.6571428571428571
2026352035,2016-05-01,,,,0.6285714285714286
2026352035,2016-05-02,,,,0.6285714285714286
2026352035,2016-05-03,,,,0.6285714285714286
2026352035,2016-05-04,,,,0.6285714285714286
2026352035,2016-05-05,,,,0.6285714285714286
2026352035,2016-05-06,,,,0.6285714285714286
2026352035,2016-05-07,,,,0.6285714285714286
2026352035,2016-05-08,,,,0.6285714285714286
2026352035,2016-05-09,,,,0.6
2026352035,2016-05-10,2.435481820540515,,,0.6285714285714286
2026352035,2016-05-11,0.2909349097742782,,,0.6571428571428571
2026352035,2016-05-12,0.4389024159225312,,,0.6857142857142857
2320127002,2016-04-12,-0.6662035410620469,,,1.0
2320127002,2016-04-13,2.3941864130468344,,,1.0
2320127002,2016-04-14,2.7028866171134687,,,1.0
2320127002,2016-04-15,1.4875348007726792,0.7179127806115755,0.8422725395438789,1.0
2320127002,2016-04-16,1.002839997605986,0.4172608846670083,0.6738180316351032,1.0
2320127002,2016-04-17,0.4579797020806155,0.22483664862853253,0.5615150263625859,1.0
2320127002,2016-04-18,0.171855418110233,0.13967649319538003,0.48129859402507363,1.0
2320127002,2016-04-19,-0.2065629085522701,0.06566294750139672,0.42113626977193946,1.0
2320127002,2016-04-20,-0.6276991783242096,-0.4316979416244348,0.3743433509083906,1.0
2320127002,2016-04-21,0.1825556945802151,-0.3600472746476076,0.417934503107994,1.0
2320127002,2016-04-22,-0.0024260279176885,-0.21285154695576677,0.37994045737090365,1.0
2320127002,2016-04-23,0.1788965326785632,-0.11770620927534606,0.36338896597301595,1.0
2320127002,2016-04-24,0.3557837455152368,-0.014599422366482626,0.3490426772702204,1.0
2320127002,2016-04-25,0.4469024210510691,0.039292428991548056,0.33061953428919266,1.0
2320127002,2016-04-26,0.48873329460859,0.09932802902298006,0.3336074538290156,1.0
2320127002,2016-04-27,0.6351829334451591,0.180411730252767,0.12546885988099335,1.0
2320127002,2016-04-28,0.8975060325007057,0.10213576256007013,0.12215620952305851,1.0
2320127002,2016-04-29,0.9640085279708795,0.1380620794126526,0.12690638777092805,1.0
2320127002,2016-04-30,0.1821398807277547,0.00046333543559882805,0.12690638777092805,1.0
2320127002,2016-05-01,0.6291120511992366,0.03904690081200002,0.15883297137603394,1.0
2320127002,2016-05-02,0.0693988848639791,-0.05392907659815566,0.15883297137603394,1.0
2320127002,2016-05-03,-0.8909647887786665,-0.19709972619817945,0.15883297137603394,1.0
2320127002,2016-05-04,0.0819287422847871,-0.07903631302291023,0.2283253664519949,1.0
2320127002,2016-05-05,-0.4076504876021417,-0.18645093144326386,0.17045001838739313,1.0
2320127002,2016-05-06,-0.2215599281643435,-0.1693669223050318,0.1837422012043787,1.0
2320127002,2016-05-07,-0.8514901937184216,-0.14766143920659655,0.17079058973321787,1.0
2320127002,2016-05-08,-0.2746177757382964,-0.1291042609910761,0.19936096152917868,1.0
2320127002,2016-05-09,0.2625028379466101,0.02758627901180447,0.23121824282554115,1.0
2320127002,2016-05-10,-0.4761766104876231,0.059255454041577664,0.22823032328571818,1.0
2320127002,2016-05-11,-0.2468136894704412,-0.04696320453646114,0.2341527005843334,1.0
2320127002,2016-05-12,0.4357308888816319,0.12048305378339627,0.2641685205340853,1.0
2347167796,2016-04-12,,,,1.0
2347167796,2016-04-13,,,,1.0
2347167796,2016-04-14,,,,0.6
2347167796,2016-04-15,,,,0.6
2347167796,2016-04-16,,,,0.6
2347167796,2016-04-17,,,,0.6
2347167796,2016-04-18,,,,0.6
2347167796,2016-04-19,,,,0.6
2347167796,2016-04-20,,,,0.6
2347167796,2016-04-21,,,,0.6
2347167796,2016-04-22,,,,0.6
2347167796,2016-04-23,,,,0.6
2347167796,2016-04-24,,,,0.6
2347167796,2016-04-25,,,,0.6
2347167796,2016-04-26,,,,0.6
2347167796,2016-04-27,-0.1382577147966766,,,0.6285714285714286
2347167796,2016-04-28,0.5115523741287877,,,0.6571428571428571
2347167796,2016-04-29,1.3868210591525876,,,0.6857142857142857
2873212765,2016-04-12,-0.2047291311108324,,,1.0
2873212765,2016-04-13,1.35092897691432,,,1.0
2873212765,2016-04-14,0.4534212165861415,,,1.0
2873212765,2016-04-15,-0.0777871653774556,0.04231398857779226,0.3889145270062881,1.0
2873212765,2016-04-16,-0.6567679854206878,-0.11300971357746387,0.3111316216050305,1.0
2873212765,2016-04-17,1.6423507536447532,0.36941597695111705,0.6424628078484322,1.0
2873212765,2016-04-18,0.441164466318647,0.10764893290491317,0.5506824067272276,1.0
2873212765,2016-04-19,0.1524911729815306,0.05103147201319467,0.4818471058863242,1.0
2873212765,2016-04-20,-0.308271846333538,-0.2370286890354083,0.42830853856562145,1.0
2873212765,2016-04-21,-0.445778553038223,-0.12845710994633783,0.38547768470905935,1.0
2873212765,2016-04-22,-0.2407565485637705,-0.023281340455187878,0.3690726228695496,1.0
2873212765,2016-04-23,-1.1300518735275331,-0.06761198401526365,0.33831657096375384,1.0
2873212765,2016-04-24,0.1888487385898222,-0.20764314500784728,0.41374611259095395,1.0
2873212765,2016-04-25,0.2746872589817025,-0.023782458190992044,0.3903241417195915,1.0
2873212765,2016-04-26,0.1452691820831753,-0.0010317129854793034,0.3903241417195915,1.0
2873212765,2016-04-27,1.3296756894134458,0.233992505106712,0.3638061702413857,1.0
2873212765,2016-04-28,0.2857059536666217,0.10449778667212069,0.3638061702413857,1.0
2873212765,2016-04-29,0.3464944827710638,0.08389300447640492,0.36814820803456005,1.0
2873212765,2016-04-30,-0.3291949856790588,0.11440812683549637,0.36814820803456005,1.0
2873212765,2016-05-01,-0.1535148985116385,-0.04890909101449433,0.2164740186132729,1.0
2873212765,2016-05-02,-0.2488864468893477,-0.07479624369586427,0.2164740186132729,1.0
2873212765,2016-05-03,-0.4279918211685593,-0.08189442903596203,0.2164740186132729,1.0
2873212765,2016-05-04,-0.1300331109621289,-0.20852982862508207,0.23775678362801794,1.0
2873212765,2016-05-05,-0.2288299464516295,-0.07350512858832157,0.23775678362801794,1.0
2873212765,2016-05-06,0.1467135802628464,-0.02854012892974531,0.24993689235944822,1.0
2873212765,2016-05-07,0.7371422875929572,0.1523338961817166,0.2921103714544561,1.0
2873212765,2016-05-08,0.0735032268132332,0.032431160760696,0.19790318487464503,1.0
2873212765,2016-05-09,0.0813442455028761,0.04717581319888916,0.1923319347530566,1.0
2873212765,2016-05-10,-0.1154240550877416,0.04465253801154543,0.1923319347530566,1.0
2873212765,2016-05-11,0.201188025896155,0.04731730526546918,0.1303466185854585,1.0
2873212765,2016-05-12,-0.1921835012074037,0.005235206463460873,0.1303466185854585,1.0
3372868164,2016-04-12,0.2869343107805575,,,1.0
3372868164,2016-04-13,-5.105881165852681,,,1.0
3372868164,2016-04-14,-2.2146921620190776,,,1.0
3372868164,2016-04-15,-0.7677339877104643,-0.3515560994970072,1.0845367945355542,1.0
3372868164,2016-04-16,-0.2007854947048117,-0.12192995137134224,0.9810191342295738,1.0
3372868164,2016-04-17,-0.3832869242557302,-0.1340442470072575,0.8175159451913115,1.0
3372868164,2016-04-18,-0.0314594471683126,-0.053065626324811654,0.7509890211764695,1.0
3372868164,2016-04-19,0.2021288137773425,-0.012115071000459261,0.6863139261476179,1.0
3372868164,2016-04-20,0.6582806210582349,0.8234516838444165,0.6607403573846482,1.0
3372868164,2016-04-21,-0.2598915338961723,0.2792572325889865,0.5946663216461834,1.0
3372868164,2016-04-22,0.7416274635129947,0.21562306446049412,0.6316529285337273,1.0
3372868164,2016-04-23,0.1708186242837556,0.05308630271265243,0.5790151844892502,1.0
3372868164,2016-04-24,0.0810944084543542,0.06634019038715488,0.5344755549131539,1.0
3372868164,2016-04-25,0.2162065262798762,0.035380853349741226,0.5059495951211802,1.0
3372868164,2016-04-26,-0.4429696408267128,-0.09215692208629364,0.5059495951211802,1.0
3372868164,2016-04-27,-0.298155774144023,-0.1366337707431797,0.5162934427413725,1.0
3372868164,2016-04-28,-0.0738282734711188,0.02658046577500763,0.325803335372751,1.0
3372868164,2016-04-29,-0.4674953905600426,-0.17273183629614822,0.22244918006499287,1.0
3372868164,2016-04-30,0.2503661804727712,0.011363936598430793,0.23322868563836155,1.0
3372868164,2016-05-01,0.9745033582838228,0.12762984997563837,0.28495276976772244,1.0
3977333714,2016-04-12,0.2466366298327398,,,1.0
3977333714,2016-04-13,-1.1629823125835244,,,1.0
3977333714,2016-04-14,0.3834728707251591,,,1.0
3977333714,2016-04-15,-1.4660179927347596,-0.5708848741891664,0.38661379582717087,1.0
3977333714,2016-04-16,-1.0151110048109993,-0.31543690866093477,0.3994724342464888,1.0
3977333714,2016-04-17,-1.1009102320143096,-0.26950937236940986,0.3328936952054073,1.0
3977333714,2016-04-18,-1.3815871032136169,-0.2713706221743928,0.28533745303320623,1.0
3977333714,2016-04-19,-0.1243873413388922,-0.0530034244530903,0.40682024163839603,1.0
3977333714,2016-04-20,0.8428511919435573,0.2865476435038688,0.4690889407099575,1.0
3977333714,2016-04-21,1.1312424212749148,0.10682422150710794,0.4510191695720975,1.0
3977333714,2016-04-22,0.5088011162716692,0.282117015572347,0.41001742688372494,1.0
3977333714,2016-04-23,0.7106903180704185,0.2465430461259168,0.3926734081266437,1.0
3977333714,2016-04-24,-0.3215488736118483,0.11133733691463729,0.3624677613476711,1.0
3977333714,2016-04-25,-0.3747435489532925,0.1438347934657606,0.3365772069656946,1.0
3977333714,2016-04-26,-0.2583780857385923,-0.019141534914242895,0.34488902576674463,1.0
3977333714,2016-04-27,0.0679437323322874,-0.11070106565875286,0.36819772705752174,1.0
3977333714,2016-04-28,0.9038079742706931,-0.0324906352863174,0.31744123124535906,1.0
3977333714,2016-04-29,0.039402068978173,-0.06705700675621377,0.31744123124535906,1.0
3977333714,2016-04-30,0.2651407431642942,-0.0636499392723035,0.3013577802640991,1.0
3977333714,2016-05-01,-0.7150115100778615,-0.05620894806657332,0.3013577802640991,1.0
3977333714,2016-05-02,-0.7345153278377495,-0.0513959684120653,0.3013577802640991,1.0
3977333714,2016-05-03,-0.8796458115801189,-0.08875253226307524,0.21155779727304738,1.0
3977333714,2016-05-04,-0.2601589536540978,-0.04687181228376932,0.1867183918904453,1.0
3977333714,2016-05-05,-0.2119344940667622,-0.15939178119106506,0.1695636226230152,1.0
3977333714,2016-05-06,-0.2019156097735596,-0.03447395410739037,0.1702792572153868,1.0
3977333714,2016-05-07,0.5630774040808271,0.04256238013093327,0.21050095807650374,1.0
3977333714,2016-05-08,0.1672039833130191,0.12603078477012578,0.21050095807650374,1.0
3977333714,2016-05-09,,0.15028655185846143,0.21050095807650374,0.9714285714285714
3977333714,2016-05-10,,0.2093699589786276,0.20218913927545376,0.9428571428571428
3977333714,2016-05-11,,0.1068407342417792,0.1788804379846766,0.9142857142857143
4020332650,2016-04-12,-0.7335657220224838,,,1.0
4020332650,2016-04-13,,,,1.0
4020332650,2016-04-14,,,,0.7333333333333334
4020332650,2016-04-15,,,,0.7
4020332650,2016-04-16,,,,0.6799999999999999
4020332650,2016-04-17,,,,0.6666666666666666
4020332650,2016-04-18,,,,0.6571428571428571
4020332650,2016-04-19,,,,0.6499999999999999
4020332650,2016-04-20,,,,0.6444444444444444
4020332650,2016-04-21,,,,0.6399999999999999
4020332650,2016-04-22,,,,0.6363636363636364
4020332650,2016-04-23,,,,0.6333333333333333
4020332650,2016-04-24,,,,0.6307692307692307
4020332650,2016-04-25,,,,0.6285714285714286
4020332650,2016-04-26,,,,0.6
4020332650,2016-04-27,,,,0.6
4020332650,2016-04-28,,,,0.6
4020332650,2016-04-29,,,,0.6
4020332650,2016-04-30,,,,0.6
4020332650,2016-05-01,,,,0.6
4020332650,2016-05-02,,,,0.6
4020332650,2016-05-03,,,,0.6
4020332650,2016-05-04,,,,0.6
4020332650,2016-05-05,,,,0.6
4020332650,2016-05-06,,,,0.6
4020332650,2016-05-07,,,,0.6
4020332650,2016-05-08,,,,0.6
4020332650,2016-05-09,,,,0.6
4020332650,2016-05-10,,,,0.6
4020332650,2016-05-11,,,,0.6
4020332650,2016-05-12,,,,0.6
4057192912,2016-04-12,-0.1445201781402299,,,1.0
4057192912,2016-04-13,-0.5754800923887304,,,1.0
4057192912,2016-04-14,2.109938873272238,,,1.0
4057192912,2016-04-15,0.6498578293133424,0.26479266915119065,0.6713547414152421,1.0
4319703577,2016-04-12,,,,1.0
4319703577,2016-04-13,,,,1.0
4319703577,2016-04-14,,,,0.6
4319703577,2016-04-15,,,,0.6
4319703577,2016-04-16,,,,0.6
4319703577,2016-04-17,,,,0.6
4319703577,2016-04-18,,,,0.6
4319703577,2016-04-19,,,,0.6
4319703577,2016-04-20,,,,0.6
4319703577,2016-04-21,,,,0.6
4319703577,2016-04-22,,,,0.6
4319703577,2016-04-23,,,,0.6
4319703577,2016-04-24,0.198137847981844,,,0.6307692307692307
4319703577,2016-04-25,-0.3621477825797874,,,0.6571428571428571
4319703577,2016-04-26,-0.8991624845299424,,,0.6857142857142857
4319703577,2016-04-27,-0.7217406778135523,-0.3066261752651321,0.012672986194027862,0.7142857142857142
4319703577,2016-04-28,-0.475247199495476,-0.16834626186933,0.030279663216747597,0.7428571428571429
4319703577,2016-04-29,-0.2339507058567951,-0.08641771076772782,0.047515127048081945,0.7714285714285715
4319703577,2016-04-30,-0.3641838377947763,-0.09372028096277003,0.047515127048081945,0.8
4319703577,2016-05-01,0.8550877092356302,0.09384998017911232,0.13460595183596813,0.807142857142857
4319703577,2016-05-02,0.1098228335020455,0.06742437372597616,0.13460595183596813,0.8357142857142856
4319703577,2016-05-03,-0.1932790735203267,0.10084048728708796,0.13460595183596813,0.8642857142857142
4319703577,2016-05-04,,0.08807693404887096,0.13460595183596813,0.8642857142857142
4319703577,2016-05-05,,0.056393625195029884,0.13460595183596813,0.8642857142857142
4319703577,2016-05-06,,0.010167908084117126,0.13460595183596813,0.8642857142857142
4319703577,2016-05-07,,0.05696825475814991,0.13460595183596813,0.8642857142857142
4319703577,2016-05-08,,,0.13460595183596813,0.8357142857142856
4319703577,2016-05-09,,,0.13460595183596813,0.807142857142857
4319703577,2016-05-10,,,0.13460595183596813,0.7785714285714286
4319703577,2016-05-11,,,0.12193296564194028,0.75
4319703577,2016-05-12,1.5529543054622814,,0.10432628861922053,0.75
4388161847,2016-04-12,,,,1.0
4388161847,2016-04-13,,,,1.0
4388161847,2016-04-14,,,,0.6
4388161847,2016-04-15,,,,0.6
4388161847,2016-04-16,,,,0.6
4388161847,2016-04-17,,,,0.6
4388161847,2016-04-18,,,,0.6
4388161847,2016-04-19,,,,0.6
4388161847,2016-04-20,,,,0.6
4388161847,2016-04-21,-0.1342616771862583,,,0.6399999999999999
4388161847,2016-04-22,0.4154645556922174,,,0.6727272727272726
4388161847,2016-04-23,-0.6892055321525823,,,0.7
4388161847,2016-04-24,-0.8970402326246718,-0.25425951847947115,0.04228663329834429,0.7230769230769231
4388161847,2016-04-25,,-0.25425951847947115,0.039266159491319695,0.7142857142857142
4388161847,2016-04-26,,-0.25425951847947115,0.039266159491319695,0.7142857142857142
4388161847,2016-04-27,,-0.25425951847947115,0.039266159491319695,0.7142857142857142
4388161847,2016-04-28,,-0.25425951847947115,0.039266159491319695,0.7142857142857142
4388161847,2016-04-29,,,0.039266159491319695,0.7142857142857142
4388161847,2016-04-30,,,0.039266159491319695,0.7142857142857142
4388161847,2016-05-01,,,0.039266159491319695,0.7142857142857142
4388161847,2016-05-02,,,0.039266159491319695,0.7142857142857142
4388161847,2016-05-03,,,0.039266159491319695,0.7142857142857142
4388161847,2016-05-04,,,0.039266159491319695,0.7142857142857142
4388161847,2016-05-05,,,0.039266159491319695,0.6857142857142857
4388161847,2016-05-05,,,,0.5769644845691299
4388161847,2016-05-06,,,,0.5483930559977013
4388161847,2016-05-07,,,,0.5198216274262727
4388161847,2016-05-08,,,,0.5198216274262727
4388161847,2016-05-09,,,,0.5198216274262727
4388161847,2016-05-10,,,,0.5198216274262727
4388161847,2016-05-11,,,,0.5198216274262727
4388161847,2016-05-12,,,,0.5198216274262727
4445114986,2016-04-12,0.0815818107286716,,,1.0
4445114986,2016-04-13,1.6418322134661243,,,1.0
4445114986,2016-04-14,-0.4650926590499608,,,1.0
4445114986,2016-04-15,-0.962882690069524,-0.34815483359939847,0.39006260068436316,1.0
4445114986,2016-04-16,-0.6552089918246649,-0.1841977006383341,0.3735848201964624,1.0
4445114986,2016-04-17,1.8245065496600508,0.3485849477862758,0.7246066070778379,1.0
4445114986,2016-04-18,,0.3485849477862758,0.6210913774952895,0.9428571428571428
4445114986,2016-04-19,,0.3485849477862758,0.5434549553083784,0.9
4445114986,2016-04-20,,0.04566858404848162,0.4830710713852252,0.8666666666666667
4445114986,2016-04-21,,0.7631997362366705,0.4347639642467027,0.84
4445114986,2016-04-22,,,0.39523996749700246,0.8181818181818181
4445114986,2016-04-23,,,0.36230330353891893,0.8
4445114986,2016-04-24,,,0.3344338186513098,0.7846153846153846
4445114986,2016-04-25,,,0.31054568874764477,0.7714285714285715
4445114986,2016-04-26,,,0.31054568874764477,0.7428571428571429
4445114986,2016-04-27,,,0.1990992314092553,0.7142857142857142
4445114986,2016-04-28,,,0.1990992314092553,0.6857142857142857
4445114986,2016-04-29,,,,0.6571428571428571
4445114986,2016-04-30,,,,0.6285714285714286
4445114986,2016-05-01,-0.3157087364824724,,,0.6285714285714286
4445114986,2016-05-02,-0.9299140265923874,,,0.6571428571428571
4445114986,2016-05-03,-1.124632049533612,,,0.6857142857142857
4445114986,2016-05-04,-0.0484303983107068,0.0890927793905885,0.07687154651592179,0.7142857142857142
4445114986,2016-05-05,-0.5518108354192779,-0.05902552473420139,0.07687154651592179,0.7428571428571429
4445114986,2016-05-06,0.4278880979591419,0.14871936688832285,0.14685004175723748,0.7714285714285715
4445114986,2016-05-07,0.4001258206870638,0.11930575952825602,0.14685004175723748,0.8
4445114986,2016-05-08,0.0734820315934637,0.05559868115370515,0.14685004175723748,0.8285714285714285
4445114986,2016-05-09,-0.4313697537090181,0.07122061041190993,0.14685004175723748,0.8571428571428571
4445114986,2016-05-10,-0.3376813471011147,0.11242152891892819,0.15354207080065915,0.8857142857142857
4445114986,2016-05-11,-1.481486922648119,-0.2047223606196303,0.15354207080065915,0.9142857142857143
4445114986,2016-05-12,0.1118971944369406,0.09481543283660265,0.2673552220210206,0.9428571428571428
4558609924,2016-04-12,,,,1.0
4558609924,2016-04-13,,,,1.0
4558609924,2016-04-14,,,,0.6
4558609924,2016-04-15,,,,0.6
4558609924,2016-04-16,,,,0.6
4558609924,2016-04-17,,,,0.6
4558609924,2016-04-18,,,,0.6
4558609924,2016-04-19,,,,0.6
4558609924,2016-04-20,,,,0.6
4558609924,2016-04-21,,,,0.6
4558609924,2016-04-22,,,,0.6
4558609924,2016-04-23,,,,0.6
4558609924,2016-04-24,,,,0.6
4558609924,2016-04-25,,,,0.6
4558609924,2016-04-26,,,,0.6
4558609924,2016-04-27,,,,0.6
4558609924,2016-04-28,,,,0.6
4558609924,2016-04-29,,,,0.6
4558609924,2016-04-30,,,,0.6
4558609924,2016-05-01,,,,0.6
4558609924,2016-05-02,,,,0.6
4558609924,2016-05-03,,,,0.6
4558609924,2016-05-04,,,,0.6
4558609924,2016-05-05,,,,0.6
4558609924,2016-05-06,,,,0.6
4558609924,2016-05-07,,,,0.6
4558609924,2016-05-08,,,,0.6
4558609924,2016-05-09,,,,0.6
4558609924,2016-05-10,,,,0.6
4558609924,2016-05-11,,,,0.6
4558609924,2016-05-12,,,,0.6
4702921684,2016-04-12,0.0943984915247054,,,1.0
4702921684,2016-04-13,1.0181143935225836,,,1.0
4702921684,2016-04-14,0.5665475476831546,,,1.0
4702921684,2016-04-15,2.1990341894038137,0.7015452326263695,0.6390506359296343,1.0
4702921684,2016-04-16,0.2050841973369346,0.027671426453057313,0.5112405087437074,1.0
4702921684,2016-04-17,-1.9221655864381473,-0.4033128155925705,0.42603375728642284,1.0
4702921684,2016-04-18,0.0976116874517034,0.0005355326544997189,0.653711402515484,1.0
4702921684,2016-04-19,-0.4315604970546261,-0.07513699836847589,0.5719974772010485,1.0
4702921684,2016-04-20,-0.629541293196594,-0.23537938381702533,0.5084422019564876,1.0
4702921684,2016-04-21,-0.1533575802013322,-0.1028435896977838,0.505216353060365,1.0
4702921684,2016-04-22,,-0.39206529493419096,0.45928759369124095,0.9636363636363636
4702921684,2016-04-23,,-0.07168835550765329,0.42101362755030414,0.9333333333333333
4702921684,2016-04-24,,0.4422020015592038,0.38862796389258847,0.9076923076923077
4702921684,2016-04-25,,-0.08365642255101184,0.3608688236145464,0.8857142857142857
4702921684,2016-04-26,,,0.3608688236145464,0.8571428571428571
4702921684,2016-04-27,,,0.2948891163289837,0.8285714285714285
4702921684,2016-04-28,,,0.2948891163289837,0.8
4702921684,2016-04-29,0.4989087052100812,,0.1782829276346509,0.8
4702921684,2016-04-30,-0.2615158600786159,,0.1782829276346509,0.8
4702921684,2016-05-01,,,0.1782829276346509,0.7714285714285715
4702921684,2016-05-02,,,0.03401312235680442,0.7428571428571429
4702921684,2016-05-03,,,0.03401312235680442,0.7142857142857142
4702921684,2016-05-04,,,,0.6857142857142857
4702921684,2016-05-05,,,,0.6571428571428571
4702921684,2016-05-06,,,,0.6571428571428571
4702921684,2016-05-07,,,,0.6571428571428571
4702921684,2016-05-07,,,,0.5769644845691299
4702921684,2016-05-08,,,,0.5769644845691299
4702921684,2016-05-09,,,,0.5769644845691299
4702921684,2016-05-10,,,,0.5769644845691299
4702921684,2016-05-11,,,,0.5769644845691299
4702921684,2016-05-12,,,,0.5483930559977013
5553957443,2016-04-12,-0.0950735981075092,,,1.0
5553957443,2016-04-13,2.3122342692047124,,,1.0
5553957443,2016-04-14,-0.4253321465884964,,,1.0
5553957443,2016-04-15,-0.6565643306635327,-0.1871635775186746,0.6018269668280554,1.0
5553957443,2016-04-16,-0.8481554584038788,-0.18827046507409248,0.48146157346244434,1.0
5553957443,2016-04-17,1.0992397290016738,0.2388626654218365,0.7257838424529623,1.0
5553957443,2016-04-18,0.4571678449528811,0.09204024051006499,0.6221004363882534,1.0
5553957443,2016-04-19,0.034347212355024,0.018488687208933263,0.5443378818397218,1.0
5553957443,2016-04-20,-0.0005616346701348,-0.3303994148392639,0.48385589496864156,1.0
5553957443,2016-04-21,-0.0370047608855212,0.055475340814710714,0.43547030547177745,1.0
5553957443,2016-04-22,0.1149626011459718,0.11021813311564346,0.4096973106135697,1.0
5553957443,2016-04-23,-0.7323058819023973,0.016549939500211615,0.3755558680624389,1.0
5553957443,2016-04-24,0.1896783948083262,-0.12993733345619254,0.41758882257384544,1.0
5553957443,2016-04-25,0.1024620760138768,-0.05067225270557207,0.38776104953285645,1.0
5553957443,2016-04-26,0.0281376509075575,-0.0008870802067809559,0.38776104953285645,1.0
5553957443,2016-04-27,0.2520966326094914,0.03609403818280372,0.23180755770355022,1.0
5553957443,2016-04-28,-0.0728603055320752,-0.005122220663793443,0.23180755770355022,1.0
5553957443,2016-04-29,-0.2087822547903471,-0.04624926513375986,0.23180755770355022,1.0
5553957443,2016-04-30,-0.7796534193844996,-0.006763933926014646,0.23180755770355022,1.0
5553957443,2016-05-01,-0.5523721955104783,-0.10600722718840068,0.10894227459415512,1.0
5553957443,2016-05-02,-0.1116303867872299,-0.030584637543015276,0.14042383236010145,1.0
5553957443,2016-05-03,-0.1102300342111723,-0.01976681215981857,0.14052385754410554,1.0
5553957443,2016-05-04,0.6564379685629533,0.05776304799335168,0.19528585774225737,1.0
5553957443,2016-05-05,0.1653442712832245,0.034029225259328486,0.19528585774225737,1.0
5553957443,2016-05-06,0.4887326763950176,0.09964499016933778,0.2075302179622788,1.0
5553957443,2016-05-07,0.7883172781146499,0.22399581392844992,0.22892911808510968,1.0
5553957443,2016-05-08,-0.0960494816342745,0.06518895912517196,0.16307309832005804,1.0
5553957443,2016-05-09,-0.2488321638829364,-0.019600253870815248,0.16307309832005804,1.0
5553957443,2016-05-10,-0.6992836230980114,-0.0841505126981199,0.16307309832005804,1.0
5553957443,2016-05-11,0.1412567195817321,-0.07359732128303165,0.20711462410418727,1.0
5553957443,2016-05-12,0.364616126325502,0.028467407863182474,0.22306886744302798,1.0
5577150313,2016-04-12,0.0439250843822389,,,1.0
5577150313,2016-04-13,1.3704267896623308,,,1.0
5577150313,2016-04-14,-0.7517061128076294,,,1.0
5577150313,2016-04-15,-0.780146997075357,-0.27469069381919864,0.33162542632002295,1.0
5577150313,2016-04-16,-1.081771333561114,-0.28142410448583827,0.26530034105601835,1.0
5577150313,2016-04-17,-1.4679704683115948,-0.30237911053876676,0.22108361754668196,1.0
5577150313,2016-04-18,-1.0623221451781018,-0.1843745382600568,0.24745000405908354,1.0
5577150313,2016-04-19,-0.9253401054940116,-0.13846645569660723,0.23364150851220938,1.0
5577150313,2016-04-20,-0.0631845302353848,-0.2048016171282451,0.3034764048173668,1.0
5577150313,2016-04-21,0.0997335941584381,0.12163424385229536,0.28942057677501243,1.0
5577150313,2016-04-22,0.851620871746201,0.23310969554593686,0.3314630041216261,1.0
5577150313,2016-04-23,1.0151944555274937,0.2995665412983725,0.317472219093265,1.0
5577150313,2016-04-24,-0.7843512845415841,0.09765988339571578,0.2930512791630138,1.0
5577150313,2016-04-25,0.2142600259307538,0.18236888158697934,0.343448424256537,1.0
5577150313,2016-04-26,0.6126216671885234,0.21970882466893357,0.3719028272035206,1.0
5577150313,2016-04-27,0.3964369294258902,0.06566020852303929,0.27715270539779974,1.0
5577150313,2016-04-28,0.2692831835134688,0.024221369907861532,0.27715270539779974,1.0
5577150313,2016-04-29,0.2142687355268042,-0.09105030517419954,0.27715270539779974,1.0
5577150313,2016-04-30,0.0257544904156894,-0.14134856644454347,0.27715270539779974,1.0
5577150313,2016-05-01,-0.7975188305582588,-0.0018810780023820989,0.27715270539779974,1.0
5577150313,2016-05-02,-0.8365095529323605,-0.15010993983758777,0.2481778251739788,1.0
5577150313,2016-05-03,-0.9040570643597317,-0.21666839022117929,0.23839339376797233,1.0
5577150313,2016-05-04,-0.6201908640933106,-0.14523254193131438,0.1970870098399576,1.0
5577150313,2016-05-05,1.6515890109736688,0.19747226106574287,0.3477199920308973,0.9785714285714285
5577150313,2016-05-06,,0.2395533792411441,0.29401375791748574,0.95
5577150313,2016-05-07,,0.3251669041115959,0.28232993050453625,0.9214285714285714
5577150313,2016-05-08,,0.6122769603829818,0.28232993050453625,0.8928571428571428
5577150313,2016-05-09,,0.8293661879686764,0.21100055118508357,0.8642857142857142
5577150313,2016-05-10,,,0.1825461482381,0.8357142857142856
5577150313,2016-05-11,,,0.1825461482381,0.807142857142857
6117666160,2016-04-12,,,,1.0
6117666160,2016-04-13,,,,1.0
6117666160,2016-04-14,,,,0.6
6117666160,2016-04-15,,,,0.6
6117666160,2016-04-16,,,,0.6
6117666160,2016-04-17,,,,0.6
6117666160,2016-04-18,,,,0.6
6117666160,2016-04-19,,,,0.6
6117666160,2016-04-20,,,,0.6
6117666160,2016-04-21,,,,0.6
6117666160,2016-04-22,-0.6724738213563082,,,0.6363636363636364
6117666160,2016-04-23,-0.9794901015613976,,,0.6666666666666666
6117666160,2016-04-24,0.5366206278838969,,,0.6923076923076923
6117666160,2016-04-25,,,,0.6857142857142857
6117666160,2016-04-26,,,,0.6857142857142857
6117666160,2016-04-27,,,,0.6857142857142857
6117666160,2016-04-28,,,,0.6857142857142857
6117666160,2016-04-29,,,,0.6857142857142857
6117666160,2016-04-30,,,,0.6857142857142857
6117666160,2016-05-01,,,,0.6857142857142857
6117666160,2016-05-02,,,,0.6857142857142857
6117666160,2016-05-03,,,,0.6857142857142857
6117666160,2016-05-04,,,,0.6857142857142857
6117666160,2016-05-05,,,,0.6857142857142857
6117666160,2016-05-06,,,,0.6571428571428571
6117666160,2016-05-07,,,,0.6285714285714286
6117666160,2016-05-08,,,,0.6
6117666160,2016-05-09,,,,0.6
6290855005,2016-04-12,0.095145142711999,,,1.0
6290855005,2016-04-13,-1.7105581649925616,,,1.0
6290855005,2016-04-14,-1.128822499072916,,,1.0
6290855005,2016-04-15,-1.2767344458915255,-0.4572931962011748,0.14543391647991138,1.0
6290855005,2016-04-16,-0.8343808783165951,-0.2323815052571485,0.2048178466989152,1.0
6290855005,2016-04-17,-0.5731925437646589,-0.13366753729533157,0.21421292800775205,1.0
6290855005,2016-04-18,-0.3052984360278604,-0.06674059645664322,0.22188166796904438,1.0
6290855005,2016-04-19,-0.0600980995128916,-0.022177606032127217,0.22479650153728495,1.0
6290855005,2016-04-20,0.1578723361046429,0.26691864301388635,0.22403804976842379,1.0
6290855005,2016-04-21,1.218023144378086,0.3352636633501431,0.30764932561892566,1.0
6290855005,2016-04-22,0.4387668077719111,0.2450716076662052,0.2796812051081143,1.0
6290855005,2016-04-23,1.193898983181403,0.2897542659282854,0.3193021192998957,1.0
6290855005,2016-04-24,0.3584331322728941,0.13308938229107897,0.29474041781528837,1.0
6290855005,2016-04-25,-0.2112732601579245,0.013432167981419394,0.273687530828482,1.0
6290855005,2016-04-26,0.5778252093027445,0.09113190125937655,0.33005170721852983,1.0
6290855005,2016-04-27,-0.2555191151904624,-0.05905592161358649,0.33005170721852983,1.0
6290855005,2016-04-28,-0.0883340851021187,-0.18662246135431498,0.30044094751629397,1.0
6290855005,2016-04-29,0.5503984657482203,0.01594737971090129,0.346064701148461,1.0
6290855005,2016-04-30,0.0645470452376932,-0.16133599113481573,0.3144680177502518,1.0
6290855005,2016-05-01,-0.673153619316172,-0.14736953594129518,0.29581170813939917,1.0
6290855005,2016-05-02,-0.7529405096566062,-0.07738103564266884,0.27667641472962784,1.0
6290855005,2016-05-03,-0.3274760420599876,-0.12932875019467602,0.2895524240926028,1.0
6290855005,2016-05-04,-0.2879106679849205,-0.004627364684922609,0.276809205410998,1.0
6290855005,2016-05-05,-0.3534592727958527,-0.0378750268133906,0.20108414767718064,1.0
6290855005,2016-05-06,0.1741665338304169,-0.05374741884540051,0.23877170529334274,1.0
6290855005,2016-05-07,0.3188240153851402,0.03632528144963527,0.19516637001800213,1.0
6290855005,2016-05-08,-0.2233244050530942,0.0642613163232968,0.19516637001800213,1.0
6290855005,2016-05-09,-0.1338266102962257,0.08844484276576861,0.20155906964349274,1.0
6290855005,2016-05-10,0.8448532093483474,0.16747560734404782,0.21510059465662879,1.0
6775888955,2016-04-12,,,,1.0
6775888955,2016-04-13,,,,1.0
6775888955,2016-04-14,,,,0.6
6775888955,2016-04-15,,,,0.6
6775888955,2016-04-16,,,,0.6
6775888955,2016-04-17,,,,0.6
6775888955,2016-04-18,,,,0.6
6775888955,2016-04-19,,,,0.6
6775888955,2016-04-20,,,,0.6
6775888955,2016-04-21,,,,0.6
6775888955,2016-04-22,,,,0.6
6775888955,2016-04-23,,,,0.6
6775888955,2016-04-24,,,,0.6
6775888955,2016-04-25,,,,0.6
6775888955,2016-04-26,,,,0.6
6775888955,2016-04-27,,,,0.6
6775888955,2016-04-28,,,,0.6
6775888955,2016-04-29,,,,0.6
6775888955,2016-04-30,,,,0.6
6775888955,2016-05-01,,,,0.6
6775888955,2016-05-02,,,,0.6
6775888955,2016-05-03,,,,0.6
6775888955,2016-05-04,,,,0.6
6775888955,2016-05-05,,,,0.6
6775888955,2016-05-06,,,,0.6
6775888955,2016-05-07,,,,0.6
6962181067,2016-04-12,0.302361110946417,,,1.0
6962181067,2016-04-13,-5.83845365915999,,,1.0
6962181067,2016-04-14,0.214579315351822,,,1.0
6962181067,2016-04-15,1.6879259030844789,0.4618549307126872,1.881594890561117,1.0
6962181067,2016-04-16,0.6613142412172998,0.0897382825677206,1.5052759124488937,1.0
6962181067,2016-04-17,0.2480373340724513,-0.01086475537479321,1.2543965937074113,1.0
6962181067,2016-04-18,-0.133839368329434,-0.07270007987930856,1.0751970803206383,1.0
6962181067,2016-04-19,-0.2623061275871933,-0.08066674836194439,0.9407974452805585,1.0
6962181067,2016-04-20,-0.8933763447013792,0.7064396163512301,0.8362643958049408,1.0
6962181067,2016-04-21,-0.8857492025214988,-0.15718978826761726,0.7534006704424349,1.0
6962181067,2016-04-22,-0.1700692721853954,-0.2654278821814106,0.7499715122509503,1.0
6962181067,2016-04-23,-1.6792618499064589,-0.3343680130176798,0.6874738862300377,1.0
6962181067,2016-04-24,-0.2082699680797394,-0.06518675745031298,0.7477445012759364,1.0
6962181067,2016-04-25,-0.0279728830272972,0.015123783614590972,0.7072125429742582,1.0
6962181067,2016-04-26,0.1465645545731861,0.05841009745148277,0.7196795028028642,1.0
6962181067,2016-04-27,0.21170780264348,0.15786916390640846,0.7243325919507423,1.0
6962181067,2016-04-28,0.1551642011374757,0.14870191480842496,0.29197309377132713,1.0
6962181067,2016-04-29,0.6168944817450212,0.11242339341863093,0.21971478611953346,1.0
6962181067,2016-04-30,0.0912957377706799,0.25293679823959125,0.21971478611953346,1.0
6962181067,2016-05-01,0.824776001650844,0.14757799567579763,0.2721062335395451,1.0
6962181067,2016-05-02,-0.1619446955451153,-0.0191388303596883,0.2721062335395451,1.0
6962181067,2016-05-03,0.2122483362150331,0.009383397377406724,0.29883430723669857,1.0
6962181067,2016-05-04,0.0600261050034276,-0.02166881394857891,0.29883430723669857,1.0
6962181067,2016-05-05,-0.3435387082848425,-0.07124327277461688,0.29828951136670717,1.0
6962181067,2016-05-06,0.197079155112345,-0.0599736180903823,0.28578507801392744,1.0
6962181067,2016-05-07,1.2834814511463986,0.17031224476795984,0.36338524201635986,1.0
6962181067,2016-05-08,0.5996834596654914,-0.03215607742647892,0.2583143933144513,1.0
6962181067,2016-05-09,-0.4028502680887292,-0.03441508179194482,0.24543603009641973,1.0
6962181067,2016-05-10,-0.9480784063567298,-0.16576096322453754,0.23296907026781377,1.0
6962181067,2016-05-11,-0.2284229950366737,-0.041207014291443037,0.2797199390713682,1.0
6962181067,2016-05-12,-0.398454666905675,-0.007845136945833208,0.2797199390713682,1.0
7007744171,2016-04-12,,,,1.0
7007744171,2016-04-13,,,,1.0
7007744171,2016-04-14,,,,0.6
7007744171,2016-04-15,,,,0.6
7007744171,2016-04-16,,,,0.6
7007744171,2016-04-17,,,,0.6
7007744171,2016-04-18,,,,0.6
7007744171,2016-04-19,,,,0.6
7007744171,2016-04-20,,,,0.6
7007744171,2016-04-21,,,,0.6
7007744171,2016-04-22,,,,0.6
7007744171,2016-04-23,,,,0.6
7007744171,2016-04-24,,,,0.6
7007744171,2016-04-25,,,,0.6
7007744171,2016-04-26,,,,0.6
7007744171,2016-04-27,,,,0.6
7007744171,2016-04-28,,,,0.6
7007744171,2016-04-29,,,,0.6
7007744171,2016-04-30,,,,0.6
7007744171,2016-05-01,,,,0.6
7007744171,2016-05-02,,,,0.6
7007744171,2016-05-03,,,,0.6
7007744171,2016-05-04,,,,0.6
7007744171,2016-05-05,,,,0.6
7007744171,2016-05-06,,,,0.6
7007744171,2016-05-07,,,,0.6
7086361926,2016-04-12,-0.345543499832417,,,1.0
7086361926,2016-04-13,4.325405772136623,,,1.0
7086361926,2016-04-14,0.975751394670122,,,1.0
7086361926,2016-04-15,1.5313195770441943,0.6256210256255373,1.3066293635857782,1.0
7086361926,2016-04-16,,0.6256210256255373,1.0453034908686225,0.9199999999999999
7086361926,2016-04-17,,0.6256210256255373,0.8710862423905188,0.8666666666666667
7086361926,2016-04-18,,0.6256210256255373,0.7466453506204447,0.8285714285714285
7086361926,2016-04-19,,0.6256210256255373,0.6533146817928891,0.8
7086361926,2016-04-20,,,0.5807241615936791,0.7777777777777778
7086361926,2016-04-21,,,0.5226517454343113,0.76
7086361926,2016-04-22,,,0.4751379503948284,0.7454545454545454
7086361926,2016-04-23,,,0.4355431211952594,0.7333333333333334
7086361926,2016-04-24,,,0.4020398041802395,0.7230769230769231
7086361926,2016-04-25,,,0.37332267531022234,0.7142857142857142
7086361926,2016-04-26,,,0.37332267531022234,0.6857142857142857
7086361926,2016-04-27,,,,0.6571428571428571
7086361926,2016-04-28,,,,0.6285714285714286
7086361926,2016-04-29,,,,0.6
7086361926,2016-04-30,,,,0.6
7086361926,2016-05-01,,,,0.6
7086361926,2016-05-02,,,,0.6
7086361926,2016-05-03,,,,0.6
7086361926,2016-05-04,,,,0.6
7086361926,2016-05-05,,,,0.6
7086361926,2016-05-06,,,,0.6
7086361926,2016-05-07,,,,0.6
7086361926,2016-05-08,,,,0.6
7086361926,2016-05-09,,,,0.6
7086361926,2016-05-10,,,,0.6
7086361926,2016-05-11,,,,0.6
7086361926,2016-05-12,,,,0.6
8053475328,2016-04-12,,,,1.0
8053475328,2016-04-13,,,,1.0
8053475328,2016-04-14,,,,0.6
8053475328,2016-04-15,,,,0.6
8053475328,2016-04-16,,,,0.6
8053475328,2016-04-17,,,,0.6
8053475328,2016-04-18,,,,0.6
8053475328,2016-04-19,,,,0.6
8053475328,2016-04-20,,,,0.6
8053475328,2016-04-21,,,,0.6
8053475328,2016-04-22,,,,0.6
8053475328,2016-04-23,,,,0.6
8053475328,2016-04-24,,,,0.6
8053475328,2016-04-25,,,,0.6
8053475328,2016-04-26,,,,0.6
8053475328,2016-04-27,,,,0.6
8053475328,2016-04-28,,,,0.6
8053475328,2016-04-29,,,,0.6
8053475328,2016-04-30,,,,0.6
8053475328,2016-05-01,,,,0.6
8053475328,2016-05-02,,,,0.6
8053475328,2016-05-03,,,,0.6
8053475328,2016-05-04,,,,0.6
8053475328,2016-05-05,,,,0.6
8053475328,2016-05-06,,,,0.6
8053475328,2016-05-07,,,,0.6
8053475328,2016-05-08,,,,0.6
8053475328,2016-05-09,,,,0.6
8053475328,2016-05-10,,,,0.6
8053475328,2016-05-11,,,,0.6
8053475328,2016-05-12,,,,0.6
8253242879,2016-04-12,-0.203006852052364,,,1.0
8253242879,2016-04-13,0.4209336563807673,,,1.0
8253242879,2016-04-14,1.1575256686005184,,,1.0
8253242879,2016-04-15,1.5233665006434087,0.5754577842319243,0.4315933381739432,1.0
8253242879,2016-04-16,0.054169647054991,0.06429412477683877,0.34527467053915456,1.0
8253242879,2016-04-17,-0.4060581037381153,-0.040610250337150246,0.28772889211596214,1.0
8253242879,2016-04-18,0.1720339191199742,0.06250679519538971,0.32920933936483743,1.0
8253242879,2016-04-19,0.263376740364123,0.06662622748806958,0.29947602459975137,1.0
8253242879,2016-04-20,-0.0518564680419526,-0.06754144634610283,0.2662009107553346,1.0
8253242879,2016-04-21,-0.6637200667614708,-0.26017796219456985,0.2395808196798011,1.0
8253242879,2016-04-22,0.6065440200023453,-0.13097464009158047,0.33327929850562066,1.0
8253242879,2016-04-23,-0.2155811633192562,-0.038535830053463886,0.3055060236301523,1.0
8253242879,2016-04-24,-0.5461741316905862,-0.020016575421781552,0.2820055602739867,1.0
8253242879,2016-04-25,-0.2413465637791064,-0.05905435469986866,0.28363570367666474,1.0
8253242879,2016-04-26,0.3221099157753029,0.008390453630168548,0.3238825950734083,1.0
8253242879,2016-04-27,-0.2569450764899348,-0.029298372635426038,0.27931541589961323,1.0
8253242879,2016-04-28,0.354500704924829,0.14546011024089994,0.2703763994135427,1.0
8253242879,2016-04-29,0.3765455417661527,-0.032856925462313245,0.24581954261343078,1.0
8253242879,2016-04-30,1.1067310219796709,0.18890174075698954,0.2979756483429678,1.0
8378563200,2016-04-12,0.4225910445766289,,,1.0
8378563200,2016-04-13,-4.866882154622575,,,1.0
8378563200,2016-04-14,-2.4806418208877243,,,1.0
8378563200,2016-04-15,-2.697363577647136,-1.0399848740745885,0.5965600834337126,1.0
8378563200,2016-04-16,-2.5193491071737784,-0.7354850379376019,0.5128509608416416,1.0
8378563200,2016-04-17,-0.4543894373435733,-0.1753960963840405,0.7715357456730688,1.0
8378563200,2016-04-18,-0.5126868375831747,-0.15587964702663398,0.6613163534340589,1.0
8378563200,2016-04-19,0.2489893735043482,-0.024800238724611585,0.673861335640742,1.0
8378563200,2016-04-20,0.8500513706882722,0.8167047893301209,0.6657725202566511,1.0
8378563200,2016-04-21,0.381718079112982,0.4089085571429581,0.599195268230986,1.0
8378563200,2016-04-22,0.0419111232853418,0.39132495727606825,0.5447229711190782,1.0
8378563200,2016-04-23,-0.5348787880787871,0.283495759870713,0.49932939019248834,1.0
8378563200,2016-04-24,0.4549429881693916,0.12990463221613785,0.5370595737352337,1.0
8378563200,2016-04-25,0.0499584783650241,0.08037790227831411,0.49869817561128843,1.0
8378563200,2016-04-25,0.0143561646642744,-0.03351902983429625,0.49869817561128843,0.9198216274262727
8378563200,2016-04-26,-1.1310875291980178,-0.2830198428408986,0.49869817561128843,0.9198216274262727
8378563200,2016-04-27,-0.5750032023912601,-0.1366744687863203,0.3679727465449962,0.9198216274262727
8378563200,2016-04-28,-0.2584111635246637,-0.04290318383000078,0.3905864636068959,0.9198216274262727
8378563200,2016-04-29,-0.4005563621794186,0.01918891798562407,0.3778711442873703,0.9198216274262727
8378563200,2016-04-30,0.7289121916096593,0.03913845763432395,0.3110503502844326,0.9198216274262727
8378563200,2016-05-01,0.1438663511553238,0.013415410398614238,0.3110503502844326,0.9198216274262727
8378563200,2016-05-02,1.487393266011685,0.21043387162105867,0.3526111148393497,0.9198216274262727
8378563200,2016-05-03,0.5715162486274519,0.24322911111792425,0.30967811504049797,0.9198216274262727
8378563200,2016-05-04,0.2766406472242667,0.1216634070879324,0.30967811504049797,0.9198216274262727
8378563200,2016-05-05,0.4540355680338301,0.10177810450835627,0.3223491808126096,0.9198216274262727
8378563200,2016-05-06,0.812040448368532,0.17322811579256436,0.3479209579793741,0.9198216274262727
8378563200,2016-05-07,0.6355029944722008,-0.013344171019636919,0.2772194025330756,0.9198216274262727
8378563200,2016-05-08,-0.1292047727410643,-0.03901016055662687,0.2772194025330756,0.9198216274262727
8378563200,2016-05-09,0.4224947939787276,-0.15212835314756537,0.31662651444163215,1.0
8378563200,2016-05-10,0.7068013832972521,0.019326447809971455,0.3369341279643839,1.0
8378563200,2016-05-11,0.2350688727898608,-0.005938824919200844,0.2972138189067584,1.0
8378563200,2016-05-12,-0.0985037673929944,-0.07893419077526065,0.2746001018448586,1.0
8583815059,2016-04-12,0.1605445313730875,,,1.0
8583815059,2016-04-13,-0.1669359675305275,,,1.0
8583815059,2016-04-14,0.7819564161306097,,,1.0
8583815059,2016-04-15,0.6467384246735268,0.16206463110014646,0.23722309591528432,1.0
8583815059,2016-04-16,0.2168908730493447,0.014086585419064324,0.18977847673222747,1.0
8583815059,2016-04-17,0.462170533078702,0.06032520034112292,0.19902867394841575,1.0
8583815059,2016-04-18,0.362500637968046,0.03365935109915976,0.1705960062414992,1.0
8583815059,2016-04-19,0.0843700392021725,-0.010882070310130701,0.14927150546131182,1.0
8583815059,2016-04-20,-0.0329048724058713,0.01914729930352233,0.13268578263227718,1.0
8583815059,2016-04-21,-0.427704073507806,-0.1728086413769165,0.11941720436904946,1.0
8583815059,2016-04-22,-0.5241256207612943,-0.1672662922049744,0.10856109488095406,1.0
8583815059,2016-04-23,-0.7464941395130028,-0.13762643036604966,0.09951433697420788,1.0
8583815059,2016-04-24,-0.5232988353904087,-0.14078133835273007,0.10902825752408375,1.0
8583815059,2016-04-25,0.1369352157822468,-0.03222363174082844,0.14840009992755313,1.0
8583815059,2016-04-26,-0.3749735398535547,-0.06562051129367531,0.14840009992755313,1.0
8583815059,2016-04-27,-0.5808430972040377,-0.07827688925688091,0.14840009992755313,1.0
8583815059,2016-04-28,0.0610363187349603,0.0698200560346809,0.12647060223311463,1.0
8583815059,2016-04-29,-0.9711960303114328,-0.0638672013643055,0.12647060223311463,0.9785714285714285
8583815059,2016-04-30,-0.623725698440631,0.01753834872462454,0.15128991165245761,0.9785714285714285
8583815059,2016-05-01,0.1626574273209059,0.09799375181590207,0.18994015920475615,0.9785714285714285
8583815059,2016-05-02,0.2392361256731428,0.014614415698699439,0.19541006622991594,0.9785714285714285
8583815059,2016-05-03,-0.2172228910886063,0.022535806966421205,0.19541006622991594,0.9785714285714285
8583815059,2016-05-04,0.5534329396178648,0.16203943383170036,0.25045691128037817,0.9785714285714285
8583815059,2016-05-05,-0.1322844739863053,-0.02761725610303794,0.25045691128037817,0.9785714285714285
8583815059,2016-05-06,0.1322684716888043,0.1576377860000339,0.26935355025717167,0.9785714285714285
8583815059,2016-05-07,0.0799421442158748,0.10052397752235798,0.26935355025717167,0.9785714285714285
8583815059,2016-05-08,-0.0142746420485853,-0.025276009909927306,0.2534110285341293,0.9785714285714285
8583815059,2016-05-09,-0.1699123948657153,-0.05844978864840829,0.20625145345036816,0.9785714285714285
8583815059,2016-05-10,-0.3012426577788124,-0.012002823812886572,0.20625145345036816,0.9785714285714285
8583815059,2016-05-11,-0.0622098205517009,-0.08794896573850938,0.223325227538019,0.9785714285714285
8583815059,2016-05-12,0.7740927686030767,0.12948246322705456,0.2372125970534318,0.9785714285714285
8792009665,2016-04-12,-0.1615892824609756,,,1.0
8792009665,2016-04-13,-1.3229148936453186,,,1.0
8792009665,2016-04-14,0.007351972867062,,,1.0
8792009665,2016-04-15,1.1180007628464017,0.42653001510245914,0.61022891412293,1.0
8792009665,2016-04-16,,0.42653001510245914,0.488183131298344,0.9199999999999999
8792009665,2016-04-17,,0.42653001510245914,0.40681927608195334,0.8666666666666667
8792009665,2016-04-18,,0.42653001510245914,0.34870223664167427,0.8285714285714285
8792009665,2016-04-19,,0.42653001510245914,0.305114457061465,0.8
8792009665,2016-04-20,,,0.2712128507213022,0.7777777777777778
8792009665,2016-04-21,,,0.244091565649172,0.76
8792009665,2016-04-22,,,0.2219014233174291,0.7454545454545454
8792009665,2016-04-23,,,0.20340963804097667,0.7333333333333334
8792009665,2016-04-24,,,0.1877627428070554,0.7230769230769231
8792009665,2016-04-25,,,0.17435111832083713,0.7142857142857142
8792009665,2016-04-26,,,0.17435111832083713,0.6857142857142857
8792009665,2016-04-27,,,,0.6571428571428571
8792009665,2016-04-28,,,,0.6285714285714286
8792009665,2016-04-29,,,,0.6
8792009665,2016-04-30,,,,0.6
8792009665,2016-05-01,,,,0.6
8792009665,2016-05-02,,,,0.6
8792009665,2016-05-03,-0.39923513049156,,,0.6285714285714286
8792009665,2016-05-04,0.315671423441733,,,0.6571428571428571
8792009665,2016-05-05,,,,0.6571428571428571
8792009665,2016-05-06,,,,0.6571428571428571
8792009665,2016-05-07,,,,0.6571428571428571
8792009665,2016-05-08,,,,0.6571428571428571
8792009665,2016-05-09,,,,0.6571428571428571
8792009665,2016-05-10,,,,0.6571428571428571
8877689391,2016-04-12,-0.3068880303003983,,,1.0
8877689391,2016-04-13,2.3897534736260257,,,1.0
8877689391,2016-04-14,0.0906381208190904,,,1.0
8877689391,2016-04-15,0.8188885078561706,0.37525884605218973,0.8562229727408761,1.0
8877689391,2016-04-16,-0.8821661113592341,-0.1438195202647089,0.6849783781927009,1.0
8877689391,2016-04-17,0.0918191254272886,0.07974143114553742,0.7331461879583379,1.0
8877689391,2016-04-18,0.4938545668689885,0.13345709952823118,0.6858446527416753,1.0
8877689391,2016-04-19,-0.0387355658062495,0.038307494927735566,0.6001140711489659,1.0
8877689391,2016-04-20,-0.0527358386161618,-0.34892704460602675,0.5334347299101918,1.0
8877689391,2016-04-21,-0.173112417408138,-0.03767864831817548,0.4800912569191727,1.0
8877689391,2016-04-22,0.0782590452440683,-0.10580420894458606,0.45929854834944844,1.0
8877689391,2016-04-23,0.1809312913186017,0.15187105752540514,0.4295796898265389,1.0
8877689391,2016-04-24,-0.0153409381583975,-0.015308580512240861,0.39653509830142053,1.0
8877689391,2016-04-25,0.4760321336907259,-0.0025460618826089426,0.40330923926911355,1.0
8877689391,2016-04-26,0.6513039539528567,0.0985770742513009,0.4158286550021229,1.0
8877689391,2016-04-27,-0.328360841358546,-0.039375000391769145,0.223211404721664,1.0
8877689391,2016-04-28,-0.0491820883860384,0.017704332717442824,0.2431527442197003,1.0
8877689391,2016-04-29,0.2421502756453808,0.023413032914473244,0.2119443140050102,1.0
8877689391,2016-04-30,-0.830094544543226,-0.14443226226597533,0.2119443140050102,1.0
8877689391,2016-05-01,0.0774752876404459,0.013259460828406233,0.207200356533378,1.0
8877689391,2016-05-02,0.8210787345841017,0.04929237155619659,0.23159807121208917,1.0
8877689391,2016-05-03,0.8409196120018302,0.0270879511498534,0.23301527674192696,1.0
8877689391,2016-05-04,0.0243086074604721,0.05038134983128834,0.23301527674192696,1.0
8877689391,2016-05-05,0.152350979800207,0.028790438312320817,0.24216116048047942,1.0
8877689391,2016-05-06,-0.2613978800737123,-0.07193545081701326,0.22420605600532184,1.0
8877689391,2016-05-07,-0.2843523150948723,0.07796317563547915,0.21687232414285512,1.0
8877689391,2016-05-08,-0.0304255879267463,-0.015414410795313123,0.23500994751200704,1.0
8877689391,2016-05-09,-0.3030980791486353,-0.16059668767610522,0.19991187095135532,1.0
8877689391,2016-05-10,0.4542264940611769,-0.05524187399152187,0.24148706759047545,1.0
8877689391,2016-05-11,-0.3169480422811405,-0.04875094996308747,0.24148706759047545,1.0
8877689391,2016-05-12,0.5869606756171171,0.06208709940241576,0.2861106365137433,1.0
